SET session_replication_role = replica;

--
-- PostgreSQL database dump
--

-- Dumped from database version 15.1 (Ubuntu 15.1-1.pgdg20.04+1)
-- Dumped by pg_dump version 15.7 (Ubuntu 15.7-1.pgdg20.04+1)

SET statement_timeout = 0;
SET lock_timeout = 0;
SET idle_in_transaction_session_timeout = 0;
SET client_encoding = 'UTF8';
SET standard_conforming_strings = on;
SELECT pg_catalog.set_config('search_path', '', false);
SET check_function_bodies = false;
SET xmloption = content;
SET client_min_messages = warning;
SET row_security = off;

--
-- Data for Name: audit_log_entries; Type: TABLE DATA; Schema: auth; Owner: supabase_auth_admin
--

INSERT INTO "auth"."audit_log_entries" ("instance_id", "id", "payload", "created_at", "ip_address") VALUES
	('00000000-0000-0000-0000-000000000000', '377ebbb6-844e-4c8d-85f0-641620f1d612', '{"action":"user_signedup","actor_id":"00000000-0000-0000-0000-000000000000","actor_username":"service_role","actor_via_sso":false,"log_type":"team","traits":{"user_email":"test1@test.com","user_id":"cf9c4157-af64-4477-9f70-6b2c37e8da72","user_phone":""}}', '2024-05-15 13:10:00.536797+00', ''),
	('00000000-0000-0000-0000-000000000000', '9242b0e9-306b-415f-a6d7-deb6f38025d1', '{"action":"user_signedup","actor_id":"00000000-0000-0000-0000-000000000000","actor_username":"service_role","actor_via_sso":false,"log_type":"team","traits":{"user_email":"test2@test.com","user_id":"2a8b0fb4-094c-47b0-b701-2282a6cd8993","user_phone":""}}', '2024-05-15 13:10:08.299113+00', ''),
	('00000000-0000-0000-0000-000000000000', 'f8f6bba8-0b8e-4ba8-8a0a-461d6a53daf2', '{"action":"user_signedup","actor_id":"00000000-0000-0000-0000-000000000000","actor_username":"service_role","actor_via_sso":false,"log_type":"team","traits":{"user_email":"test3@test.com","user_id":"34a3aed7-3db5-4cff-a0e5-761d85a8074b","user_phone":""}}', '2024-05-15 13:10:15.995414+00', '');


--
-- Data for Name: flow_state; Type: TABLE DATA; Schema: auth; Owner: supabase_auth_admin
--



--
-- Data for Name: users; Type: TABLE DATA; Schema: auth; Owner: supabase_auth_admin
--

INSERT INTO "auth"."users" ("instance_id", "id", "aud", "role", "email", "encrypted_password", "email_confirmed_at", "invited_at", "confirmation_token", "confirmation_sent_at", "recovery_token", "recovery_sent_at", "email_change_token_new", "email_change", "email_change_sent_at", "last_sign_in_at", "raw_app_meta_data", "raw_user_meta_data", "is_super_admin", "created_at", "updated_at", "phone", "phone_confirmed_at", "phone_change", "phone_change_token", "phone_change_sent_at", "email_change_token_current", "email_change_confirm_status", "banned_until", "reauthentication_token", "reauthentication_sent_at", "is_sso_user", "deleted_at", "is_anonymous") VALUES
	('00000000-0000-0000-0000-000000000000', 'cf9c4157-af64-4477-9f70-6b2c37e8da72', 'authenticated', 'authenticated', 'test1@test.com', '$2a$10$4mUsvpSPCxhPPuZUvlRcCuWIK9hc2.Y.96m8r1Lz.aa1LJI..Cj4a', '2024-05-15 13:10:00.53917+00', NULL, '', NULL, '', NULL, '', '', NULL, NULL, '{"provider": "email", "providers": ["email"]}', '{}', NULL, '2024-05-15 13:10:00.533129+00', '2024-05-15 13:10:00.539359+00', NULL, NULL, '', '', NULL, '', 0, NULL, '', NULL, false, NULL, false),
	('00000000-0000-0000-0000-000000000000', '2a8b0fb4-094c-47b0-b701-2282a6cd8993', 'authenticated', 'authenticated', 'test2@test.com', '$2a$10$1jnU4rBsUfWc6zFUUv/M5e3aFBEh2Ud0OxLkDBLHNJ/30FquZ..Km', '2024-05-15 13:10:08.300708+00', NULL, '', NULL, '', NULL, '', '', NULL, NULL, '{"provider": "email", "providers": ["email"]}', '{}', NULL, '2024-05-15 13:10:08.296116+00', '2024-05-15 13:10:08.300914+00', NULL, NULL, '', '', NULL, '', 0, NULL, '', NULL, false, NULL, false),
	('00000000-0000-0000-0000-000000000000', '34a3aed7-3db5-4cff-a0e5-761d85a8074b', 'authenticated', 'authenticated', 'test3@test.com', '$2a$10$F7Kt7mqtdnUEaoEFB.Ee.eqgWCqBjgqCVokSPHN2jthIWhZnRtl6a', '2024-05-15 13:10:15.996782+00', NULL, '', NULL, '', NULL, '', '', NULL, NULL, '{"provider": "email", "providers": ["email"]}', '{}', NULL, '2024-05-15 13:10:15.991622+00', '2024-05-15 13:10:15.996974+00', NULL, NULL, '', '', NULL, '', 0, NULL, '', NULL, false, NULL, false);


--
-- Data for Name: identities; Type: TABLE DATA; Schema: auth; Owner: supabase_auth_admin
--

INSERT INTO "auth"."identities" ("provider_id", "user_id", "identity_data", "provider", "last_sign_in_at", "created_at", "updated_at", "id") VALUES
	('cf9c4157-af64-4477-9f70-6b2c37e8da72', 'cf9c4157-af64-4477-9f70-6b2c37e8da72', '{"sub": "cf9c4157-af64-4477-9f70-6b2c37e8da72", "email": "test1@test.com", "email_verified": false, "phone_verified": false}', 'email', '2024-05-15 13:10:00.535096+00', '2024-05-15 13:10:00.535145+00', '2024-05-15 13:10:00.535145+00', '0401db7d-49d3-4831-bea4-28217eddee6b'),
	('2a8b0fb4-094c-47b0-b701-2282a6cd8993', '2a8b0fb4-094c-47b0-b701-2282a6cd8993', '{"sub": "2a8b0fb4-094c-47b0-b701-2282a6cd8993", "email": "test2@test.com", "email_verified": false, "phone_verified": false}', 'email', '2024-05-15 13:10:08.297632+00', '2024-05-15 13:10:08.297669+00', '2024-05-15 13:10:08.297669+00', 'd3cb8925-c584-4d79-9e32-6c8f206bebf2'),
	('34a3aed7-3db5-4cff-a0e5-761d85a8074b', '34a3aed7-3db5-4cff-a0e5-761d85a8074b', '{"sub": "34a3aed7-3db5-4cff-a0e5-761d85a8074b", "email": "test3@test.com", "email_verified": false, "phone_verified": false}', 'email', '2024-05-15 13:10:15.99409+00', '2024-05-15 13:10:15.994161+00', '2024-05-15 13:10:15.994161+00', 'da8e3f71-77a0-462f-aa30-3950285f6e17');


--
-- Data for Name: instances; Type: TABLE DATA; Schema: auth; Owner: supabase_auth_admin
--



--
-- Data for Name: sessions; Type: TABLE DATA; Schema: auth; Owner: supabase_auth_admin
--



--
-- Data for Name: mfa_amr_claims; Type: TABLE DATA; Schema: auth; Owner: supabase_auth_admin
--



--
-- Data for Name: mfa_factors; Type: TABLE DATA; Schema: auth; Owner: supabase_auth_admin
--



--
-- Data for Name: mfa_challenges; Type: TABLE DATA; Schema: auth; Owner: supabase_auth_admin
--



--
-- Data for Name: one_time_tokens; Type: TABLE DATA; Schema: auth; Owner: supabase_auth_admin
--



--
-- Data for Name: refresh_tokens; Type: TABLE DATA; Schema: auth; Owner: supabase_auth_admin
--



--
-- Data for Name: sso_providers; Type: TABLE DATA; Schema: auth; Owner: supabase_auth_admin
--



--
-- Data for Name: saml_providers; Type: TABLE DATA; Schema: auth; Owner: supabase_auth_admin
--



--
-- Data for Name: saml_relay_states; Type: TABLE DATA; Schema: auth; Owner: supabase_auth_admin
--



--
-- Data for Name: sso_domains; Type: TABLE DATA; Schema: auth; Owner: supabase_auth_admin
--



--
-- Data for Name: key; Type: TABLE DATA; Schema: pgsodium; Owner: supabase_admin
--



--
-- Data for Name: company; Type: TABLE DATA; Schema: public; Owner: postgres
--

INSERT INTO "public"."company" ("id", "auth_id", "logo_path", "name", "company_number", "address", "phone_number", "email", "created_at") VALUES
	(2, '2a8b0fb4-094c-47b0-b701-2282a6cd8993', NULL, 'test2', 'SC1234567890', '123 test address, test, TT12 3TT', NULL, 'test2@test.com', '2024-05-15 14:47:00.713781+00'),
	(3, '34a3aed7-3db5-4cff-a0e5-761d85a8074b', '34a3aed7-3db5-4cff-a0e5-761d85a8074b/logos/logo3.jpg', 'test3', 'SC1234567890', '123 test address, test, TT12 3TT', NULL, 'test3@test.com', '2024-05-15 14:47:57.337059+00'),
	(1, 'cf9c4157-af64-4477-9f70-6b2c37e8da72', 'cf9c4157-af64-4477-9f70-6b2c37e8da72/logos/logo1.jpg', 'test1', 'SC1234567890', '123 test address, test, TT12 3TT', '0123456789', 'test1@test.com', '2024-05-15 13:12:50.722732+00');


--
-- Data for Name: driver; Type: TABLE DATA; Schema: public; Owner: postgres
--

INSERT INTO "public"."driver" ("id", "auth_id", "picture_path", "first_names", "last_name", "phone_number", "email", "date_of_birth", "national_insurance_number", "is_retired", "created_at", "active_hire_agreement_id", "active_insurance_id", "active_drivers_licence_id", "active_drivers_taxi_badge_id") VALUES
	(4, 'cf9c4157-af64-4477-9f70-6b2c37e8da72', NULL, 'driver4', 'driver4', '01234567890', NULL, '2024-04-29', NULL, false, '2024-05-15 16:05:22.943012+00', 4, NULL, 9, 7),
	(3, 'cf9c4157-af64-4477-9f70-6b2c37e8da72', NULL, 'driver3', 'driver3', NULL, NULL, NULL, NULL, false, '2024-05-15 16:03:47.37375+00', 3, NULL, 8, 5),
	(1, 'cf9c4157-af64-4477-9f70-6b2c37e8da72', 'cf9c4157-af64-4477-9f70-6b2c37e8da72/driver-pictures/driver1.jpg', 'driver1', 'driver1', '01234567890', 'driver1@test.com', '1990-01-31', 'AB123456C', false, '2024-05-15 16:01:47.140623+00', 1, NULL, 3, 1),
	(6, 'cf9c4157-af64-4477-9f70-6b2c37e8da72', NULL, 'driver6', 'driver6', '', 'driver6@test.com', '2024-05-04', 'AB123456C', false, '2024-05-15 16:12:32.810957+00', 7, NULL, 11, 9),
	(7, 'cf9c4157-af64-4477-9f70-6b2c37e8da72', 'cf9c4157-af64-4477-9f70-6b2c37e8da72/driver-pictures/driver7.jpg', 'driver7', 'driver7', NULL, 'driver7', NULL, 'AB123456C', false, '2024-05-15 16:12:57.664063+00', NULL, 8, 12, 10),
	(5, 'cf9c4157-af64-4477-9f70-6b2c37e8da72', 'cf9c4157-af64-4477-9f70-6b2c37e8da72/driver-pictures/driver5.jpg', 'driver5', 'driver5', NULL, 'driver5@test.com', NULL, 'AB123456C', false, '2024-05-15 16:06:00.626866+00', 5, NULL, 10, 8),
	(2, 'cf9c4157-af64-4477-9f70-6b2c37e8da72', NULL, 'driver2', 'driver2', '01234567890', 'driver2@test.com', '2024-05-13', 'AB123456C', false, '2024-05-15 16:03:12.108898+00', 2, 5, 5, 3);


--
-- Data for Name: hire_agreement; Type: TABLE DATA; Schema: public; Owner: postgres
--

INSERT INTO "public"."hire_agreement" ("id", "auth_id", "taxi_id", "driver_id", "permission_letter_document_path", "contract_document_path", "start_date", "end_date", "rent_amount", "deposit_amount", "deposit_receipt_document_path", "is_retired", "created_at") VALUES
	(2, 'cf9c4157-af64-4477-9f70-6b2c37e8da72', 2, 2, NULL, NULL, '2024-05-24', '2024-10-24', 240.00, 240.00, NULL, false, '2024-05-15 19:04:18.091155+00'),
	(4, 'cf9c4157-af64-4477-9f70-6b2c37e8da72', 4, 4, NULL, NULL, '2024-02-15', '2024-05-08', 220.00, 220.00, NULL, true, '2024-05-15 19:06:05.355822+00'),
	(6, 'cf9c4157-af64-4477-9f70-6b2c37e8da72', 4, 4, NULL, NULL, '2024-05-16', NULL, 200.00, 200.00, NULL, false, '2024-05-15 19:07:16.356097+00'),
	(7, 'cf9c4157-af64-4477-9f70-6b2c37e8da72', 6, 6, NULL, NULL, '2024-01-15', '2024-05-07', 200.00, 200.00, NULL, true, '2024-05-15 19:08:23.20214+00'),
	(1, 'cf9c4157-af64-4477-9f70-6b2c37e8da72', 1, 1, 'cf9c4157-af64-4477-9f70-6b2c37e8da72/permission-letters/persmission-letter-1.png', 'cf9c4157-af64-4477-9f70-6b2c37e8da72/hire-contracts/contract-1.png', '2024-05-03', NULL, 250.00, 250.00, NULL, false, '2024-05-15 19:03:46.169799+00'),
	(3, 'cf9c4157-af64-4477-9f70-6b2c37e8da72', 3, 3, NULL, 'cf9c4157-af64-4477-9f70-6b2c37e8da72/hire-contracts/contract-3.png', '2024-05-12', NULL, 230.00, 230.00, 'cf9c4157-af64-4477-9f70-6b2c37e8da72/deposit-receipts/deposit-receipt-3.png', false, '2024-05-15 19:05:16.699169+00'),
	(5, 'cf9c4157-af64-4477-9f70-6b2c37e8da72', 5, 5, 'cf9c4157-af64-4477-9f70-6b2c37e8da72/permission-letters/persmission-letter-5.png', 'cf9c4157-af64-4477-9f70-6b2c37e8da72/hire-contracts/contract-5.png', '2024-05-23', NULL, 210.00, 210.00, 'cf9c4157-af64-4477-9f70-6b2c37e8da72/deposit-receipts/deposit-receipt-5.png', false, '2024-05-15 19:06:43.629671+00');


--
-- Data for Name: insurance; Type: TABLE DATA; Schema: public; Owner: postgres
--

INSERT INTO "public"."insurance" ("id", "auth_id", "taxi_id", "driver_id", "document_path", "policy_number", "is_any_driver", "start_date", "end_date", "created_at") VALUES
	(7, 'cf9c4157-af64-4477-9f70-6b2c37e8da72', 6, NULL, NULL, 'dasdsad', true, '2024-05-14', '2024-11-15', '2024-05-15 17:36:08.118267+00'),
	(8, 'cf9c4157-af64-4477-9f70-6b2c37e8da72', 7, 7, NULL, 'dasdafdsf', false, '2024-05-17', '2024-09-12', '2024-05-15 17:36:36.340981+00'),
	(1, 'cf9c4157-af64-4477-9f70-6b2c37e8da72', 1, NULL, 'cf9c4157-af64-4477-9f70-6b2c37e8da72/insurance-documents/insurance-1.png', 'fsdfdsafsdf', true, '2024-05-02', '2024-11-15', '2024-05-15 17:30:56.69842+00'),
	(2, 'cf9c4157-af64-4477-9f70-6b2c37e8da72', 2, NULL, 'cf9c4157-af64-4477-9f70-6b2c37e8da72/insurance-documents/insurance-2.png', 'gdfgfdgdfg', true, '2024-05-01', '2024-05-13', '2024-05-15 17:31:27.786992+00'),
	(3, 'cf9c4157-af64-4477-9f70-6b2c37e8da72', 3, NULL, 'cf9c4157-af64-4477-9f70-6b2c37e8da72/insurance-documents/insurance-3.png', 'fsdfsdf', true, '2024-05-01', '2024-05-13', '2024-05-15 17:32:13.724362+00'),
	(4, 'cf9c4157-af64-4477-9f70-6b2c37e8da72', 3, NULL, 'cf9c4157-af64-4477-9f70-6b2c37e8da72/insurance-documents/insurance-4.png', 'gfsdfsdf', true, '2024-05-16', '2024-10-24', '2024-05-15 17:32:38.530635+00'),
	(5, 'cf9c4157-af64-4477-9f70-6b2c37e8da72', 4, 2, 'cf9c4157-af64-4477-9f70-6b2c37e8da72/insurance-documents/insurance-5.png', 'hfghfghfghf', false, '2024-05-14', '2024-11-15', '2024-05-15 17:35:19.136002+00'),
	(6, 'cf9c4157-af64-4477-9f70-6b2c37e8da72', 5, NULL, 'cf9c4157-af64-4477-9f70-6b2c37e8da72/insurance-documents/insurance-6.png', 'fsadfsdfds', true, '2024-05-25', '2024-10-15', '2024-05-15 17:35:52.064001+00');


--
-- Data for Name: vehicle; Type: TABLE DATA; Schema: public; Owner: postgres
--

INSERT INTO "public"."vehicle" ("id", "auth_id", "make", "model", "cc", "fuel_type", "created_at") VALUES
	(1, 'cf9c4157-af64-4477-9f70-6b2c37e8da72', 'hyundai', 'ioniq', 1580, 'petrol', '2024-05-15 17:08:41.639389+00');


--
-- Data for Name: taxi; Type: TABLE DATA; Schema: public; Owner: postgres
--

INSERT INTO "public"."taxi" ("id", "auth_id", "picture_path", "logbook_document_path", "number_plate", "colour", "chassis_number", "registration_date", "expected_expiry_date", "road_tax_expiry_date", "is_retired", "created_at", "vehicle_id", "active_hire_agreement_id", "active_insurance_id", "active_taxi_licence_id") VALUES
	(2, 'cf9c4157-af64-4477-9f70-6b2c37e8da72', NULL, NULL, 'taxi2', 'asdasd', 'dasdas', NULL, NULL, NULL, false, '2024-05-15 17:10:38.413034+00', 1, 2, 2, 3),
	(5, 'cf9c4157-af64-4477-9f70-6b2c37e8da72', NULL, NULL, 'taxi5', 'dasdas', 'dasdas', '2024-05-01', '2024-11-15', '2024-05-31', false, '2024-05-15 17:13:37.13274+00', 1, 5, 6, 7),
	(7, 'cf9c4157-af64-4477-9f70-6b2c37e8da72', 'cf9c4157-af64-4477-9f70-6b2c37e8da72/taxi-pictures/taxi-7.png', NULL, 'taxi7', 'dasd', 'adsasd', NULL, NULL, '2024-06-06', false, '2024-05-15 17:14:27.956617+00', 1, NULL, 8, 9),
	(6, 'cf9c4157-af64-4477-9f70-6b2c37e8da72', NULL, 'cf9c4157-af64-4477-9f70-6b2c37e8da72/logbooks/logbook-6.png', 'taxi6', 'dasd', 'dasdas', NULL, '2024-05-30', '2024-06-01', false, '2024-05-15 17:14:01.451865+00', 1, 7, 7, 8),
	(1, 'cf9c4157-af64-4477-9f70-6b2c37e8da72', 'cf9c4157-af64-4477-9f70-6b2c37e8da72/taxi-pictures/taxi-1.png', 'cf9c4157-af64-4477-9f70-6b2c37e8da72/logbooks/logbook-1.png', 'taxi1', 'adasd', 'sadasdasd', '2024-03-06', '2025-03-13', NULL, false, '2024-05-15 17:10:21.095292+00', 1, 1, 1, 1),
	(3, 'cf9c4157-af64-4477-9f70-6b2c37e8da72', 'cf9c4157-af64-4477-9f70-6b2c37e8da72/taxi-pictures/taxi-3.png', 'cf9c4157-af64-4477-9f70-6b2c37e8da72/logbooks/logbook-3.png', 'taxi3', 'dasdasd', 'dasdasd', '2024-02-14', '2024-09-05', '2024-11-14', false, '2024-05-15 17:11:33.226274+00', 1, 3, 4, 4),
	(4, 'cf9c4157-af64-4477-9f70-6b2c37e8da72', 'cf9c4157-af64-4477-9f70-6b2c37e8da72/taxi-pictures/taxi-4.png', 'cf9c4157-af64-4477-9f70-6b2c37e8da72/logbooks/logbook-4.png', 'taxi4', 'adsasd', 'asdasd', NULL, '2024-05-08', '2024-05-09', false, '2024-05-15 17:13:14.795828+00', 1, 4, 5, 5);


--
-- Data for Name: council_application; Type: TABLE DATA; Schema: public; Owner: postgres
--

INSERT INTO "public"."council_application" ("id", "auth_id", "taxi_id", "document_path", "created_at") VALUES
	(1, 'cf9c4157-af64-4477-9f70-6b2c37e8da72', 1, 'cf9c4157-af64-4477-9f70-6b2c37e8da72/council-applications/council-application-1.png', '2024-05-15 17:25:21.778211+00'),
	(2, 'cf9c4157-af64-4477-9f70-6b2c37e8da72', 1, 'cf9c4157-af64-4477-9f70-6b2c37e8da72/council-applications/council-application-1.png', '2024-05-15 17:25:29.84394+00'),
	(3, 'cf9c4157-af64-4477-9f70-6b2c37e8da72', 2, 'cf9c4157-af64-4477-9f70-6b2c37e8da72/council-applications/council-application-2.png', '2024-05-15 17:25:40.874646+00'),
	(4, 'cf9c4157-af64-4477-9f70-6b2c37e8da72', 3, 'cf9c4157-af64-4477-9f70-6b2c37e8da72/council-applications/council-application-3.png', '2024-05-15 17:25:49.317468+00'),
	(5, 'cf9c4157-af64-4477-9f70-6b2c37e8da72', 4, 'cf9c4157-af64-4477-9f70-6b2c37e8da72/council-applications/council-application-4.png', '2024-05-15 17:25:58.712972+00'),
	(6, 'cf9c4157-af64-4477-9f70-6b2c37e8da72', 4, 'cf9c4157-af64-4477-9f70-6b2c37e8da72/council-applications/council-application-4.png', '2024-05-15 17:26:04.844331+00'),
	(7, 'cf9c4157-af64-4477-9f70-6b2c37e8da72', 4, 'cf9c4157-af64-4477-9f70-6b2c37e8da72/council-applications/council-application-4.png', '2024-05-15 17:26:11.511943+00'),
	(8, 'cf9c4157-af64-4477-9f70-6b2c37e8da72', 5, 'cf9c4157-af64-4477-9f70-6b2c37e8da72/council-applications/council-application-5.png', '2024-05-15 17:26:21.017474+00'),
	(9, 'cf9c4157-af64-4477-9f70-6b2c37e8da72', 5, 'cf9c4157-af64-4477-9f70-6b2c37e8da72/council-applications/council-application-5.png', '2024-05-15 17:26:29.74709+00'),
	(10, 'cf9c4157-af64-4477-9f70-6b2c37e8da72', 6, 'cf9c4157-af64-4477-9f70-6b2c37e8da72/council-applications/council-application-6.png', '2024-05-15 17:26:37.946746+00'),
	(11, 'cf9c4157-af64-4477-9f70-6b2c37e8da72', 7, 'cf9c4157-af64-4477-9f70-6b2c37e8da72/council-applications/council-application-7.png', '2024-05-15 17:26:46.129649+00');


--
-- Data for Name: council_application_receipt; Type: TABLE DATA; Schema: public; Owner: postgres
--

INSERT INTO "public"."council_application_receipt" ("id", "auth_id", "taxi_id", "document_path", "created_at") VALUES
	(1, 'cf9c4157-af64-4477-9f70-6b2c37e8da72', 1, 'cf9c4157-af64-4477-9f70-6b2c37e8da72/council-application-receipts/council-application-receipt-a-1.png', '2024-05-15 17:27:04.749948+00'),
	(2, 'cf9c4157-af64-4477-9f70-6b2c37e8da72', 1, 'cf9c4157-af64-4477-9f70-6b2c37e8da72/council-application-receipts/council-application-receipt-a-1.png', '2024-05-15 17:27:12.45374+00'),
	(3, 'cf9c4157-af64-4477-9f70-6b2c37e8da72', 2, 'cf9c4157-af64-4477-9f70-6b2c37e8da72/council-application-receipts/council-application-receipt-a-2.png', '2024-05-15 17:27:21.114689+00'),
	(4, 'cf9c4157-af64-4477-9f70-6b2c37e8da72', 3, 'cf9c4157-af64-4477-9f70-6b2c37e8da72/council-application-receipts/council-application-receipt-a-3.png', '2024-05-15 17:27:30.498695+00'),
	(5, 'cf9c4157-af64-4477-9f70-6b2c37e8da72', 4, 'cf9c4157-af64-4477-9f70-6b2c37e8da72/council-application-receipts/council-application-receipt-a-4.png', '2024-05-15 17:27:40.191957+00'),
	(6, 'cf9c4157-af64-4477-9f70-6b2c37e8da72', 4, 'cf9c4157-af64-4477-9f70-6b2c37e8da72/council-application-receipts/council-application-receipt-a-4.png', '2024-05-15 17:27:45.900658+00'),
	(7, 'cf9c4157-af64-4477-9f70-6b2c37e8da72', 4, 'cf9c4157-af64-4477-9f70-6b2c37e8da72/council-application-receipts/council-application-receipt-a-4.png', '2024-05-15 17:27:53.199442+00'),
	(8, 'cf9c4157-af64-4477-9f70-6b2c37e8da72', 5, 'cf9c4157-af64-4477-9f70-6b2c37e8da72/council-application-receipts/council-application-receipt-a-5.png', '2024-05-15 17:28:01.698931+00'),
	(9, 'cf9c4157-af64-4477-9f70-6b2c37e8da72', 5, 'cf9c4157-af64-4477-9f70-6b2c37e8da72/council-application-receipts/council-application-receipt-a-5.png', '2024-05-15 17:28:07.328176+00'),
	(10, 'cf9c4157-af64-4477-9f70-6b2c37e8da72', 6, 'cf9c4157-af64-4477-9f70-6b2c37e8da72/council-application-receipts/council-application-receipt-a-6.png', '2024-05-15 17:28:15.983395+00'),
	(11, 'cf9c4157-af64-4477-9f70-6b2c37e8da72', 7, 'cf9c4157-af64-4477-9f70-6b2c37e8da72/council-application-receipts/council-application-receipt-a-7.png', '2024-05-15 17:28:23.811573+00');


--
-- Data for Name: driver_application; Type: TABLE DATA; Schema: public; Owner: postgres
--

INSERT INTO "public"."driver_application" ("id", "company_id", "picture_path", "first_names", "last_name", "phone_number", "email", "date_of_birth", "national_insurance_number", "drivers_licence_path", "drivers_licence_number", "drivers_licence_start_date", "drivers_licence_end_date", "taxi_badge_path", "taxi_badge_number", "taxi_badge_start_date", "taxi_badge_end_date", "created_at", "auth_id") VALUES
	('faf37e18-664d-4ed6-9ced-008912e3799c', 1, 'cf9c4157-af64-4477-9f70-6b2c37e8da72/driver-pictures/driver-a.jpg', 'driverA', 'driverA', '5442543656', 'driverA@test.com', '2023-02-08', 'fsafsdfsdfsd', 'cf9c4157-af64-4477-9f70-6b2c37e8da72/drivers-licences/drivers-licence-a.png', 'sfgsdfsdfsdfsd', '2024-05-01', '2024-10-15', 'cf9c4157-af64-4477-9f70-6b2c37e8da72/taxi-badges/taxi-badge-a.png', 'safdsfsdf', NULL, '2024-10-15', '2024-05-15 19:42:49.282068+00', 'cf9c4157-af64-4477-9f70-6b2c37e8da72');


--
-- Data for Name: drivers_licence; Type: TABLE DATA; Schema: public; Owner: postgres
--

INSERT INTO "public"."drivers_licence" ("id", "auth_id", "driver_id", "document_path", "licence_number", "start_date", "end_date", "created_at") VALUES
	(2, 'cf9c4157-af64-4477-9f70-6b2c37e8da72', 1, NULL, 'fdsafsdfsdf', '2024-04-15', '2024-04-30', '2024-05-15 16:17:41.496089+00'),
	(5, 'cf9c4157-af64-4477-9f70-6b2c37e8da72', 2, NULL, 'fsfsdfsdfsdf', '2024-05-01', '2024-12-15', '2024-05-15 16:53:07.473359+00'),
	(6, 'cf9c4157-af64-4477-9f70-6b2c37e8da72', 3, NULL, 'gsdfgfdgdfg', '2024-05-01', '2024-05-06', '2024-05-15 16:54:22.097512+00'),
	(8, 'cf9c4157-af64-4477-9f70-6b2c37e8da72', 3, NULL, 'fsdfsdfdsfsdf', '2024-05-08', '2024-12-15', '2024-05-15 16:54:44.908074+00'),
	(11, 'cf9c4157-af64-4477-9f70-6b2c37e8da72', 6, NULL, 'dasdasdsad', '2024-05-01', '2024-12-15', '2024-05-15 16:55:43.583303+00'),
	(1, 'cf9c4157-af64-4477-9f70-6b2c37e8da72', 1, 'cf9c4157-af64-4477-9f70-6b2c37e8da72/drivers-licences/drivers-licence-1.png', 'fsafdsfsdfsdfsdfsdf', '2024-03-01', '2024-04-01', '2024-05-15 16:17:20.0968+00'),
	(3, 'cf9c4157-af64-4477-9f70-6b2c37e8da72', 1, 'cf9c4157-af64-4477-9f70-6b2c37e8da72/drivers-licences/drivers-licence-1.png', 'fsadfdsfsdf', '2024-05-01', '2024-12-01', '2024-05-15 16:18:14.281581+00'),
	(4, 'cf9c4157-af64-4477-9f70-6b2c37e8da72', 2, 'cf9c4157-af64-4477-9f70-6b2c37e8da72/drivers-licences/drivers-licence-2.png', 'hdfgdfgdfgdfg', '2024-04-01', '2024-04-15', '2024-05-15 16:52:40.891271+00'),
	(9, 'cf9c4157-af64-4477-9f70-6b2c37e8da72', 4, 'cf9c4157-af64-4477-9f70-6b2c37e8da72/drivers-licences/drivers-licence-4.png', 'fasdfdsfdsf', '2024-05-01', '2024-12-15', '2024-05-15 16:55:08.976519+00'),
	(10, 'cf9c4157-af64-4477-9f70-6b2c37e8da72', 5, 'cf9c4157-af64-4477-9f70-6b2c37e8da72/drivers-licences/drivers-licence-5.png', 'dasdasdfasdf', '2024-05-01', '2024-12-15', '2024-05-15 16:55:26.915352+00'),
	(12, 'cf9c4157-af64-4477-9f70-6b2c37e8da72', 7, 'cf9c4157-af64-4477-9f70-6b2c37e8da72/drivers-licences/drivers-licence-7.png', 'fdafdsfsdf', '2024-05-04', '2024-12-15', '2024-05-15 16:56:18.711841+00');


--
-- Data for Name: drivers_taxi_badge; Type: TABLE DATA; Schema: public; Owner: postgres
--

INSERT INTO "public"."drivers_taxi_badge" ("id", "auth_id", "driver_id", "document_path", "badge_number", "start_date", "end_date", "created_at") VALUES
	(2, 'cf9c4157-af64-4477-9f70-6b2c37e8da72', 2, NULL, 'dasdasdasd', NULL, '2024-05-07', '2024-05-15 16:58:51.724599+00'),
	(5, 'cf9c4157-af64-4477-9f70-6b2c37e8da72', 3, NULL, 'dasdasdasd', NULL, '2024-11-15', '2024-05-15 17:00:05.875042+00'),
	(6, 'cf9c4157-af64-4477-9f70-6b2c37e8da72', 4, NULL, 'fsdfsdfsdf', NULL, '2024-05-02', '2024-05-15 17:00:19.396822+00'),
	(7, 'cf9c4157-af64-4477-9f70-6b2c37e8da72', 4, NULL, 'fsdfsdfsdf', NULL, '2024-12-15', '2024-05-15 17:00:32.285306+00'),
	(8, 'cf9c4157-af64-4477-9f70-6b2c37e8da72', 5, NULL, 'fgsdfsdfdsf', NULL, '2024-12-15', '2024-05-15 17:02:50.960028+00'),
	(1, 'cf9c4157-af64-4477-9f70-6b2c37e8da72', 1, 'cf9c4157-af64-4477-9f70-6b2c37e8da72/taxi-badges/taxi-badge-1.png', 'adfadasdasd', NULL, '2024-11-15', '2024-05-15 16:58:02.111851+00'),
	(3, 'cf9c4157-af64-4477-9f70-6b2c37e8da72', 2, 'cf9c4157-af64-4477-9f70-6b2c37e8da72/taxi-badges/taxi-badge-2.png', 'fasdfasdasd', NULL, '2024-11-15', '2024-05-15 16:59:17.586781+00'),
	(4, 'cf9c4157-af64-4477-9f70-6b2c37e8da72', 3, 'cf9c4157-af64-4477-9f70-6b2c37e8da72/taxi-badges/taxi-badge-3.png', 'fasdfdsfsdf', NULL, '2024-05-02', '2024-05-15 16:59:51.960099+00'),
	(9, 'cf9c4157-af64-4477-9f70-6b2c37e8da72', 6, 'cf9c4157-af64-4477-9f70-6b2c37e8da72/taxi-badges/taxi-badge-6.png', 'fsdfsdfdsf', NULL, '2024-12-15', '2024-05-15 17:03:07.596836+00'),
	(10, 'cf9c4157-af64-4477-9f70-6b2c37e8da72', 7, 'cf9c4157-af64-4477-9f70-6b2c37e8da72/taxi-badges/taxi-badge-7.png', 'fadsafdsaf', NULL, '2024-11-15', '2024-05-15 17:03:23.604733+00');


--
-- Data for Name: employee; Type: TABLE DATA; Schema: public; Owner: postgres
--

INSERT INTO "public"."employee" ("id", "auth_id", "company_id", "picture_path", "first_names", "last_name", "phone_number", "email", "date_of_birth", "national_insurance_number", "signature_path", "created_at") VALUES
	(2, 'cf9c4157-af64-4477-9f70-6b2c37e8da72', 1, NULL, 'employee2', 'employee2', '', 'employee2@test.com', '2024-05-04', 'fsdfsdfsdf', NULL, '2024-05-15 19:46:26.805332+00'),
	(4, '34a3aed7-3db5-4cff-a0e5-761d85a8074b', 3, NULL, 'employee4', 'employee4', '54354356346', 'employee4@test.com', '2024-05-08', 'gsfgsdfsdfds', NULL, '2024-05-15 19:47:26.9791+00'),
	(1, 'cf9c4157-af64-4477-9f70-6b2c37e8da72', 1, 'cf9c4157-af64-4477-9f70-6b2c37e8da72/employees/employee1.jpg', 'employee1', 'employee1', '534534534', 'employee1@test.com', '2024-05-01', 'fafdsafsdfsdf', NULL, '2024-05-15 19:45:54.625931+00'),
	(3, '2a8b0fb4-094c-47b0-b701-2282a6cd8993', 2, '2a8b0fb4-094c-47b0-b701-2282a6cd8993/employees/employee3.jpg', 'employee3', 'employee3', NULL, 'employee3@test.com', '2024-05-06', 'fsfsdfsdfsdf', NULL, '2024-05-15 19:46:52.272149+00');


--
-- Data for Name: picture; Type: TABLE DATA; Schema: public; Owner: postgres
--

INSERT INTO "public"."picture" ("id", "auth_id", "hire_id", "picture_path", "is_before_hire", "created_at") VALUES
	(1, 'cf9c4157-af64-4477-9f70-6b2c37e8da72', 1, 'cf9c4157-af64-4477-9f70-6b2c37e8da72/hire-pictures/hire-picture-1.png', true, '2024-05-15 19:24:25.676687+00'),
	(2, 'cf9c4157-af64-4477-9f70-6b2c37e8da72', 1, 'cf9c4157-af64-4477-9f70-6b2c37e8da72/hire-pictures/hire-picture-2.png', true, '2024-05-15 19:24:40.3186+00'),
	(3, 'cf9c4157-af64-4477-9f70-6b2c37e8da72', 1, 'cf9c4157-af64-4477-9f70-6b2c37e8da72/hire-pictures/hire-picture-3.png', false, '2024-05-15 19:24:52.483568+00'),
	(4, 'cf9c4157-af64-4477-9f70-6b2c37e8da72', 2, 'cf9c4157-af64-4477-9f70-6b2c37e8da72/hire-pictures/hire-picture-4.png', true, '2024-05-15 19:25:10.182172+00'),
	(5, 'cf9c4157-af64-4477-9f70-6b2c37e8da72', 3, 'cf9c4157-af64-4477-9f70-6b2c37e8da72/hire-pictures/hire-picture-5.png', true, '2024-05-15 19:25:20.864966+00');


--
-- Data for Name: rent; Type: TABLE DATA; Schema: public; Owner: postgres
--

INSERT INTO "public"."rent" ("id", "auth_id", "hire_id", "receipt_document_path", "start_date", "end_date", "amount", "is_paid", "created_at") VALUES
	(2, 'cf9c4157-af64-4477-9f70-6b2c37e8da72', 1, NULL, '2024-05-13', '2024-05-19', 250.00, false, '2024-05-15 19:09:32.219139+00'),
	(4, 'cf9c4157-af64-4477-9f70-6b2c37e8da72', 4, NULL, '2024-05-06', '2024-05-12', 230.00, false, '2024-05-15 19:21:54.905615+00'),
	(5, 'cf9c4157-af64-4477-9f70-6b2c37e8da72', 4, NULL, '2024-05-13', '2024-05-19', 230.00, false, '2024-05-15 19:22:17.105176+00'),
	(7, 'cf9c4157-af64-4477-9f70-6b2c37e8da72', 5, NULL, '2024-05-06', '2024-05-19', 200.00, false, '2024-05-15 19:22:56.695179+00'),
	(1, 'cf9c4157-af64-4477-9f70-6b2c37e8da72', 1, 'cf9c4157-af64-4477-9f70-6b2c37e8da72/rent-receipts/rent-1.png', '2024-04-29', '2024-05-05', 250.00, true, '2024-05-15 19:09:10.867229+00'),
	(3, 'cf9c4157-af64-4477-9f70-6b2c37e8da72', 2, 'cf9c4157-af64-4477-9f70-6b2c37e8da72/rent-receipts/rent-3.png', '2024-02-15', '2024-08-15', 200.00, true, '2024-05-15 19:21:27.648312+00'),
	(8, 'cf9c4157-af64-4477-9f70-6b2c37e8da72', 6, 'cf9c4157-af64-4477-9f70-6b2c37e8da72/rent-receipts/rent-8.png', '2024-05-13', '2024-05-19', 240.00, true, '2024-05-15 19:23:23.31785+00');


--
-- Data for Name: taxi_licence; Type: TABLE DATA; Schema: public; Owner: postgres
--

INSERT INTO "public"."taxi_licence" ("id", "auth_id", "taxi_id", "compliance_certificate_document_path", "compliance_certificate_licence_number", "phc_licence_document_path", "phc_number", "start_date", "end_date", "created_at") VALUES
	(2, 'cf9c4157-af64-4477-9f70-6b2c37e8da72', 2, NULL, 'dasdasd', NULL, 'dasdasd', NULL, '2024-05-07', '2024-05-15 17:18:21.340841+00'),
	(4, 'cf9c4157-af64-4477-9f70-6b2c37e8da72', 3, NULL, 'dasdas', NULL, 'dfasdas', NULL, '2024-05-11', '2024-05-15 17:19:28.260893+00'),
	(8, 'cf9c4157-af64-4477-9f70-6b2c37e8da72', 6, NULL, 'dasdas', NULL, 'fdsfds', NULL, '2024-12-15', '2024-05-15 17:21:23.594911+00'),
	(9, 'cf9c4157-af64-4477-9f70-6b2c37e8da72', 7, 'cf9c4157-af64-4477-9f70-6b2c37e8da72/compliance-certificates/compliance-certificate-7.png', 'fsdfgs', NULL, 'gfdgdf', NULL, '2024-08-15', '2024-05-15 17:21:39.704651+00'),
	(3, 'cf9c4157-af64-4477-9f70-6b2c37e8da72', 2, NULL, 'dasdads', 'cf9c4157-af64-4477-9f70-6b2c37e8da72/phc-licences/phc-licence-red-letter-2.png', 'fsdfsdf', NULL, '2024-10-15', '2024-05-15 17:19:14.877232+00'),
	(1, 'cf9c4157-af64-4477-9f70-6b2c37e8da72', 1, 'cf9c4157-af64-4477-9f70-6b2c37e8da72/compliance-certificates/compliance-certificate-1.png', 'gdfgdfgfdsg', 'cf9c4157-af64-4477-9f70-6b2c37e8da72/phc-licences/phc-licence-red-letter-1.png', 'gfsdgfdsgdfg', '2024-05-01', '2024-09-15', '2024-05-15 17:16:35.094832+00'),
	(5, 'cf9c4157-af64-4477-9f70-6b2c37e8da72', 4, 'cf9c4157-af64-4477-9f70-6b2c37e8da72/compliance-certificates/compliance-certificate-4.png', 'dasdas', 'cf9c4157-af64-4477-9f70-6b2c37e8da72/phc-licences/phc-licence-red-letter-4.png', 'fdasfdsf', NULL, '2024-10-15', '2024-05-15 17:20:12.660559+00'),
	(6, 'cf9c4157-af64-4477-9f70-6b2c37e8da72', 5, 'cf9c4157-af64-4477-9f70-6b2c37e8da72/compliance-certificates/compliance-certificate-5.png', 'gfsdgfsdf', 'cf9c4157-af64-4477-9f70-6b2c37e8da72/phc-licences/phc-licence-red-letter-5.png', 'sdfsdf', NULL, '2024-05-01', '2024-05-15 17:20:47.515934+00'),
	(7, 'cf9c4157-af64-4477-9f70-6b2c37e8da72', 5, 'cf9c4157-af64-4477-9f70-6b2c37e8da72/compliance-certificates/compliance-certificate-5.png', 'adasf', 'cf9c4157-af64-4477-9f70-6b2c37e8da72/phc-licences/phc-licence-red-letter-5.png', 'fsdfds', NULL, '2024-10-15', '2024-05-15 17:21:10.557486+00');


--
-- Data for Name: buckets; Type: TABLE DATA; Schema: storage; Owner: supabase_storage_admin
--

INSERT INTO "storage"."buckets" ("id", "name", "owner", "created_at", "updated_at", "public", "avif_autodetection", "file_size_limit", "allowed_mime_types", "owner_id") VALUES
	('main', 'main', NULL, '2024-05-15 14:34:08.126175+00', '2024-05-15 14:34:08.126175+00', false, false, 5242880, '{image/*,application/pdf}', NULL);


--
-- Data for Name: objects; Type: TABLE DATA; Schema: storage; Owner: supabase_storage_admin
--

INSERT INTO "storage"."objects" ("id", "bucket_id", "name", "owner", "created_at", "updated_at", "last_accessed_at", "metadata", "version", "owner_id") VALUES
	('c76010fc-7932-4bc8-93f2-a789ca555298', 'main', 'compliance-certificates/compliance-certificate-1.png', NULL, '2024-05-15 14:34:17.599517+00', '2024-05-15 14:34:17.599517+00', '2024-05-15 14:34:17.599517+00', '{"eTag": "\"a7854aa4ce6be10a0fb4b8bbfdfdc82e\"", "size": 15286, "mimetype": "image/png", "cacheControl": "max-age=3600", "lastModified": "2024-05-15T14:34:17.585Z", "contentLength": 15286, "httpStatusCode": 200}', 'bc07b5cc-05bb-4997-84dc-2d44aefc619e', NULL),
	('aad9a646-54a8-43cc-9de2-028710fae4af', 'main', 'compliance-certificates/compliance-certificate-2.png', NULL, '2024-05-15 14:34:17.626613+00', '2024-05-15 14:34:17.626613+00', '2024-05-15 14:34:17.626613+00', '{"eTag": "\"307645887bab5692e671d1a9528e2ccb\"", "size": 15831, "mimetype": "image/png", "cacheControl": "max-age=3600", "lastModified": "2024-05-15T14:34:17.605Z", "contentLength": 15831, "httpStatusCode": 200}', '0a1f5046-7cd8-4762-8005-e6331a2c06e6', NULL),
	('58d154cb-1973-4cd9-b34d-831fcc237bd6', 'main', 'compliance-certificates/compliance-certificate-3.png', NULL, '2024-05-15 14:34:17.709256+00', '2024-05-15 14:34:17.709256+00', '2024-05-15 14:34:17.709256+00', '{"eTag": "\"a7ee3cf54302dd1c1deb8076db51bd17\"", "size": 16139, "mimetype": "image/png", "cacheControl": "max-age=3600", "lastModified": "2024-05-15T14:34:17.645Z", "contentLength": 16139, "httpStatusCode": 200}', 'd15ac7b4-faa1-42c5-8656-250e1b81511f', NULL),
	('7ef6d8dd-3c5c-4577-8de2-05084dd6dc97', 'main', 'compliance-certificates/compliance-certificate-4.png', NULL, '2024-05-15 14:34:17.717751+00', '2024-05-15 14:34:17.717751+00', '2024-05-15 14:34:17.717751+00', '{"eTag": "\"00169c87d01f94f132e51269ed42e53e\"", "size": 15596, "mimetype": "image/png", "cacheControl": "max-age=3600", "lastModified": "2024-05-15T14:34:17.675Z", "contentLength": 15596, "httpStatusCode": 200}', 'f69e1107-ae42-4cf3-876c-2a6be181c4ad', NULL),
	('41db297e-2ea8-40db-b23b-a419d50cddc4', 'main', 'compliance-certificates/compliance-certificate-5.png', NULL, '2024-05-15 14:34:17.728722+00', '2024-05-15 14:34:17.728722+00', '2024-05-15 14:34:17.728722+00', '{"eTag": "\"9857c438b592f30d3d818ad9f645fc03\"", "size": 15874, "mimetype": "image/png", "cacheControl": "max-age=3600", "lastModified": "2024-05-15T14:34:17.695Z", "contentLength": 15874, "httpStatusCode": 200}', '49c20923-07ab-4bbe-8940-c7fa0b45065d', NULL),
	('95e14b77-40d4-4132-98ff-e80e2878844d', 'main', 'compliance-certificates/compliance-certificate-6.png', NULL, '2024-05-15 14:34:17.740085+00', '2024-05-15 14:34:17.740085+00', '2024-05-15 14:34:17.740085+00', '{"eTag": "\"819fceb5acd74cf3985f5ab33eb65914\"", "size": 16099, "mimetype": "image/png", "cacheControl": "max-age=3600", "lastModified": "2024-05-15T14:34:17.715Z", "contentLength": 16099, "httpStatusCode": 200}', 'd4ff6aea-aa88-4a01-93d6-9f5772375d36', NULL),
	('a1b3e652-f93a-4c0c-99e2-a25f7f6cd376', 'main', 'compliance-certificates/compliance-certificate-7.png', NULL, '2024-05-15 14:34:17.75179+00', '2024-05-15 14:34:17.75179+00', '2024-05-15 14:34:17.75179+00', '{"eTag": "\"746f30130c8a27bc006c5a9bfc3f7465\"", "size": 15519, "mimetype": "image/png", "cacheControl": "max-age=3600", "lastModified": "2024-05-15T14:34:17.725Z", "contentLength": 15519, "httpStatusCode": 200}', '08ebccc4-dae8-4dc3-8fd5-f48148209e6f', NULL),
	('3ee025bf-24e8-42a3-bb95-c0b28ab1ad68', 'main', 'council-application-receipts/council-application-receipt-a-1.png', NULL, '2024-05-15 14:34:17.752042+00', '2024-05-15 14:34:17.752042+00', '2024-05-15 14:34:17.752042+00', '{"eTag": "\"a65e97ff1dc579c2e2e5c9b728ae659d\"", "size": 15509, "mimetype": "image/png", "cacheControl": "max-age=3600", "lastModified": "2024-05-15T14:34:17.725Z", "contentLength": 15509, "httpStatusCode": 200}', 'd2fd97cc-20f4-4f50-ad4a-938f83b9eca1', NULL),
	('d671c887-93c7-41a8-9952-37e5d2945316', 'main', 'council-application-receipts/council-application-receipt-a-2.png', NULL, '2024-05-15 14:34:17.770025+00', '2024-05-15 14:34:17.770025+00', '2024-05-15 14:34:17.770025+00', '{"eTag": "\"4627eae91f220c4895c1cf8fbff54432\"", "size": 16057, "mimetype": "image/png", "cacheControl": "max-age=3600", "lastModified": "2024-05-15T14:34:17.755Z", "contentLength": 16057, "httpStatusCode": 200}', 'b477e217-d32f-462f-b9af-25841811c8a0', NULL),
	('f12e32ad-66f5-47b8-82b2-105a9f7c00cf', 'main', 'council-application-receipts/council-application-receipt-a-3.png', NULL, '2024-05-15 14:34:17.775469+00', '2024-05-15 14:34:17.775469+00', '2024-05-15 14:34:17.775469+00', '{"eTag": "\"617e35ae5c044a4bac8f1eb855f8a45a\"", "size": 16201, "mimetype": "image/png", "cacheControl": "max-age=3600", "lastModified": "2024-05-15T14:34:17.755Z", "contentLength": 16201, "httpStatusCode": 200}', '62b6b15c-d28c-4d6f-bff5-9b052783cb7c', NULL),
	('bb9b9121-d37d-4d35-ad09-855899878d18', 'main', 'council-application-receipts/council-application-receipt-a-5.png', NULL, '2024-05-15 14:34:17.851178+00', '2024-05-15 14:34:17.851178+00', '2024-05-15 14:34:17.851178+00', '{"eTag": "\"dd1d43bc5a55b7e912c0cb552e290763\"", "size": 16046, "mimetype": "image/png", "cacheControl": "max-age=3600", "lastModified": "2024-05-15T14:34:17.835Z", "contentLength": 16046, "httpStatusCode": 200}', 'b45d0cff-3fd4-4950-a676-fbf4856b1ce0', NULL),
	('545fa9b7-a220-41c5-8109-47f24f179191', 'main', 'council-applications/council-application-6.png', NULL, '2024-05-15 14:34:17.901221+00', '2024-05-15 14:34:17.901221+00', '2024-05-15 14:34:17.901221+00', '{"eTag": "\"b9ae9f0325b449f55645dac404bdcd6f\"", "size": 13666, "mimetype": "image/png", "cacheControl": "max-age=3600", "lastModified": "2024-05-15T14:34:17.885Z", "contentLength": 13666, "httpStatusCode": 200}', 'd7923e7c-51f1-44bb-86d7-e288aa38dba9', NULL),
	('d241d6c8-2055-476e-9534-e8a634e45891', 'main', 'deposit-receipts/deposit-receipt-3.png', NULL, '2024-05-15 14:34:17.963443+00', '2024-05-15 14:34:17.963443+00', '2024-05-15 14:34:17.963443+00', '{"eTag": "\"a3aa359c86f11b2837a8c258c162199a\"", "size": 11839, "mimetype": "image/png", "cacheControl": "max-age=3600", "lastModified": "2024-05-15T14:34:17.945Z", "contentLength": 11839, "httpStatusCode": 200}', 'ddcfb543-9d21-4bbf-9c16-a82c87b99f17', NULL),
	('2eb22338-6d58-4840-b296-fee7e13ec937', 'main', 'driver-pictures/driver1.jpg', NULL, '2024-05-15 14:34:18.035631+00', '2024-05-15 14:34:18.035631+00', '2024-05-15 14:34:18.035631+00', '{"eTag": "\"c4601754a8c6024d884e4b994e525b2a\"", "size": 1322228, "mimetype": "image/jpeg", "cacheControl": "max-age=3600", "lastModified": "2024-05-15T14:34:18.005Z", "contentLength": 1322228, "httpStatusCode": 200}', '8346c451-f024-403a-a465-a9d75dfcfebd', NULL),
	('6b6bd864-3e63-4322-ab46-c528cd9163bb', 'main', 'driver-pictures/driver-a.jpg', NULL, '2024-05-15 14:34:18.060573+00', '2024-05-15 14:34:18.060573+00', '2024-05-15 14:34:18.060573+00', '{"eTag": "\"d19b0ed00bc1739c5ad7ab7b76bcc419\"", "size": 3100409, "mimetype": "image/jpeg", "cacheControl": "max-age=3600", "lastModified": "2024-05-15T14:34:18.025Z", "contentLength": 3100409, "httpStatusCode": 200}', '9a3ecfac-e63f-4882-b75c-f9c26648a55f', NULL),
	('b23c3a31-565e-4e97-aa8e-d24f41cb66da', 'main', 'driver-pictures/driver2.jpg', NULL, '2024-05-15 14:34:18.121857+00', '2024-05-15 14:34:18.121857+00', '2024-05-15 14:34:18.121857+00', '{"eTag": "\"0e742afff5b9a626e5b66f47eb98c32d\"", "size": 355864, "mimetype": "image/jpeg", "cacheControl": "max-age=3600", "lastModified": "2024-05-15T14:34:18.095Z", "contentLength": 355864, "httpStatusCode": 200}', 'b86131d6-174d-4acd-b0c3-25a36a1a9b36', NULL),
	('d7b18fff-e652-4eec-80b3-e64ea68a4f02', 'main', 'drivers-licences/drivers-licence-2.png', NULL, '2024-05-15 14:34:18.241628+00', '2024-05-15 14:34:18.241628+00', '2024-05-15 14:34:18.241628+00', '{"eTag": "\"a8767eb61d5f101808aedc37913a17f8\"", "size": 9663, "mimetype": "image/png", "cacheControl": "max-age=3600", "lastModified": "2024-05-15T14:34:18.215Z", "contentLength": 9663, "httpStatusCode": 200}', '606f65b0-e373-4ea7-8b08-049a61ee1e74', NULL),
	('f5d33055-60ad-4753-b7a1-d313dc96766a', 'main', 'driver-pictures/driver3.jpg', NULL, '2024-05-15 14:34:18.274142+00', '2024-05-15 14:34:18.274142+00', '2024-05-15 14:34:18.274142+00', '{"eTag": "\"953551a9045fec1abb5225f6ccc88add\"", "size": 2720252, "mimetype": "image/jpeg", "cacheControl": "max-age=3600", "lastModified": "2024-05-15T14:34:18.175Z", "contentLength": 2720252, "httpStatusCode": 200}', '2d54ffab-d08b-4f7d-b836-acddfa50ec9c', NULL),
	('70cadc2a-2697-433c-9b8a-03eadf6d17c2', 'main', 'drivers-licences/drivers-licence-a.png', NULL, '2024-05-15 14:34:18.346276+00', '2024-05-15 14:34:18.346276+00', '2024-05-15 14:34:18.346276+00', '{"eTag": "\"1882639b4bb1c8ca7d1a61cdd4f891f3\"", "size": 10148, "mimetype": "image/png", "cacheControl": "max-age=3600", "lastModified": "2024-05-15T14:34:18.325Z", "contentLength": 10148, "httpStatusCode": 200}', '3c483bd9-9554-4d82-ac98-3de5080bc743', NULL),
	('d7e83ad9-ef35-410e-9cca-03edc88b4bd0', 'main', 'hire-contracts/contract-2.png', NULL, '2024-05-15 14:34:18.397294+00', '2024-05-15 14:34:18.397294+00', '2024-05-15 14:34:18.397294+00', '{"eTag": "\"a9f4c879b62f60c7482058743eba2bc5\"", "size": 9343, "mimetype": "image/png", "cacheControl": "max-age=3600", "lastModified": "2024-05-15T14:34:18.375Z", "contentLength": 9343, "httpStatusCode": 200}', 'dca1decf-87db-4a8b-ab20-12a619c53c79', NULL),
	('8ff273e3-c538-411c-97ca-23ea51fbbdcd', 'main', 'hire-contracts/contract-5.png', NULL, '2024-05-15 14:34:18.498948+00', '2024-05-15 14:34:18.498948+00', '2024-05-15 14:34:18.498948+00', '{"eTag": "\"90ff3bd72cdfb90b4638dd150a6d6880\"", "size": 9397, "mimetype": "image/png", "cacheControl": "max-age=3600", "lastModified": "2024-05-15T14:34:18.485Z", "contentLength": 9397, "httpStatusCode": 200}', '5807ef14-aa44-4c8e-9c0e-b7de961837f1', NULL),
	('0e4d35ed-2d51-4aa1-8114-6205a0418834', 'main', 'council-applications/council-application-1.png', NULL, '2024-05-15 14:34:17.854206+00', '2024-05-15 14:34:17.854206+00', '2024-05-15 14:34:17.854206+00', '{"eTag": "\"c8e158cff1fa8b145c258bbb4a8d6e61\"", "size": 13028, "mimetype": "image/png", "cacheControl": "max-age=3600", "lastModified": "2024-05-15T14:34:17.835Z", "contentLength": 13028, "httpStatusCode": 200}', 'cb344e1b-1045-4b96-9ecb-916fc1d552a1', NULL),
	('0a257a87-2272-4f8d-b3e7-70c358cb327e', 'main', 'council-applications/council-application-5.png', NULL, '2024-05-15 14:34:17.895927+00', '2024-05-15 14:34:17.895927+00', '2024-05-15 14:34:17.895927+00', '{"eTag": "\"6e607e02d8ab5e62563e5f25aad2b1b5\"", "size": 14096, "mimetype": "image/png", "cacheControl": "max-age=3600", "lastModified": "2024-05-15T14:34:17.885Z", "contentLength": 14096, "httpStatusCode": 200}', 'ac969b39-6264-43f7-8202-bf34b0f7fd97', NULL),
	('153c5baa-18b8-48b0-8069-3f5c67c9e64f', 'main', 'deposit-receipts/deposit-receipt-1.png', NULL, '2024-05-15 14:34:17.957881+00', '2024-05-15 14:34:17.957881+00', '2024-05-15 14:34:17.957881+00', '{"eTag": "\"00742b129203b73ff9dd69626d02e05c\"", "size": 10962, "mimetype": "image/png", "cacheControl": "max-age=3600", "lastModified": "2024-05-15T14:34:17.945Z", "contentLength": 10962, "httpStatusCode": 200}', '730a831d-6724-45e1-bbe6-6f81358f9edc', NULL),
	('761dd699-bc00-4a9c-8807-4b902602f072', 'main', 'drivers-licences/drivers-licence-5.png', NULL, '2024-05-15 14:34:18.341591+00', '2024-05-15 14:34:18.341591+00', '2024-05-15 14:34:18.341591+00', '{"eTag": "\"f95987eef63286d35784120aa72edc19\"", "size": 10138, "mimetype": "image/png", "cacheControl": "max-age=3600", "lastModified": "2024-05-15T14:34:18.325Z", "contentLength": 10138, "httpStatusCode": 200}', '92e2340a-d978-47e5-a406-48dcb3e3d818', NULL),
	('19c72d0d-e3b5-41d0-880a-59a059e96b82', 'main', 'employees/employee1.jpg', NULL, '2024-05-15 14:34:18.405999+00', '2024-05-15 14:34:18.405999+00', '2024-05-15 14:34:18.405999+00', '{"eTag": "\"c4601754a8c6024d884e4b994e525b2a\"", "size": 1322228, "mimetype": "image/jpeg", "cacheControl": "max-age=3600", "lastModified": "2024-05-15T14:34:18.335Z", "contentLength": 1322228, "httpStatusCode": 200}', '9ab8cba4-2379-45a3-b765-1430980c110c', NULL),
	('3cc14c8e-508c-4598-8bcf-7eed12f3e2fd', 'main', 'employees/employee4.jpg', NULL, '2024-05-15 14:34:18.43123+00', '2024-05-15 14:34:18.43123+00', '2024-05-15 14:34:18.43123+00', '{"eTag": "\"3cbd25fd7d33687c363a7ebc03428df8\"", "size": 1332997, "mimetype": "image/jpeg", "cacheControl": "max-age=3600", "lastModified": "2024-05-15T14:34:18.395Z", "contentLength": 1332997, "httpStatusCode": 200}', 'b23a8982-ec20-4e77-aaed-efcde4fd9c0b', NULL),
	('9acc5a6b-7561-46e0-996d-cd175bab593c', 'main', 'employees/employee3.jpg', NULL, '2024-05-15 14:34:18.449089+00', '2024-05-15 14:34:18.449089+00', '2024-05-15 14:34:18.449089+00', '{"eTag": "\"953551a9045fec1abb5225f6ccc88add\"", "size": 2720252, "mimetype": "image/jpeg", "cacheControl": "max-age=3600", "lastModified": "2024-05-15T14:34:18.405Z", "contentLength": 2720252, "httpStatusCode": 200}', '73586cc7-98bd-48c5-8b03-90d051cf6461', NULL),
	('b951b20b-66b8-4dba-b809-b421fa1c454d', 'main', 'hire-pictures/hire-picture-1.png', NULL, '2024-05-15 14:34:18.505157+00', '2024-05-15 14:34:18.505157+00', '2024-05-15 14:34:18.505157+00', '{"eTag": "\"b5ce616ecfc601db4474b477d333201d\"", "size": 8580, "mimetype": "image/png", "cacheControl": "max-age=3600", "lastModified": "2024-05-15T14:34:18.485Z", "contentLength": 8580, "httpStatusCode": 200}', 'ff66be6b-2e7f-4fa1-bbef-c665e1458afe', NULL),
	('45bd8c87-b727-4cae-91ae-6f1ce34ac90b', 'main', 'hire-pictures/hire-picture-11.png', NULL, '2024-05-15 14:34:18.532483+00', '2024-05-15 14:34:18.532483+00', '2024-05-15 14:34:18.532483+00', '{"eTag": "\"1925c9b7020d0b768ec22a7bcc076a0f\"", "size": 8622, "mimetype": "image/png", "cacheControl": "max-age=3600", "lastModified": "2024-05-15T14:34:18.525Z", "contentLength": 8622, "httpStatusCode": 200}', '0888ce2d-df7b-4eee-a002-037a64c511e7', NULL),
	('b447e112-0ae8-45c5-a5c4-3e3512835bcd', 'main', 'hire-pictures/hire-picture-6.png', NULL, '2024-05-15 14:34:18.591347+00', '2024-05-15 14:34:18.591347+00', '2024-05-15 14:34:18.591347+00', '{"eTag": "\"0ce035024479c3d24b2ed131bb01194d\"", "size": 9341, "mimetype": "image/png", "cacheControl": "max-age=3600", "lastModified": "2024-05-15T14:34:18.575Z", "contentLength": 9341, "httpStatusCode": 200}', '6e25e12b-584a-419d-84c3-1e20ae93950e', NULL),
	('570517b9-e701-43c5-b808-fd587389b507', 'main', 'insurance-documents/insurance-1.png', NULL, '2024-05-15 14:34:18.626827+00', '2024-05-15 14:34:18.626827+00', '2024-05-15 14:34:18.626827+00', '{"eTag": "\"09178a61662769f7e3c631db30acaf81\"", "size": 8616, "mimetype": "image/png", "cacheControl": "max-age=3600", "lastModified": "2024-05-15T14:34:18.615Z", "contentLength": 8616, "httpStatusCode": 200}', '100037c3-d777-475f-8ddf-d8e7778cba65', NULL),
	('d885126a-3563-48b1-8be3-d542474811e5', 'main', 'insurance-documents/insurance-7.png', NULL, '2024-05-15 14:34:18.682402+00', '2024-05-15 14:34:18.682402+00', '2024-05-15 14:34:18.682402+00', '{"eTag": "\"c159fa3ad0be8af922de3d050ff5081f\"", "size": 8829, "mimetype": "image/png", "cacheControl": "max-age=3600", "lastModified": "2024-05-15T14:34:18.665Z", "contentLength": 8829, "httpStatusCode": 200}', 'a2441081-24d0-4f31-90a5-ad7d12cbcfc6', NULL),
	('bafab82a-301f-4aaf-8411-a50791e9f14a', 'main', 'insurance-documents/insurance-9.png', NULL, '2024-05-15 14:34:18.722818+00', '2024-05-15 14:34:18.722818+00', '2024-05-15 14:34:18.722818+00', '{"eTag": "\"99e7cf6531ab7af29ae925145add016a\"", "size": 9443, "mimetype": "image/png", "cacheControl": "max-age=3600", "lastModified": "2024-05-15T14:34:18.705Z", "contentLength": 9443, "httpStatusCode": 200}', '5fdc83d9-7e86-4fce-8af7-07e5b61021e9', NULL),
	('bca779c4-af3a-4ad2-8514-5fc78667ea2e', 'main', 'council-application-receipts/council-application-receipt-a-4.png', NULL, '2024-05-15 14:34:17.850971+00', '2024-05-15 14:34:17.850971+00', '2024-05-15 14:34:17.850971+00', '{"eTag": "\"1c57a60b476ec27e31cbcc6fde448f65\"", "size": 15768, "mimetype": "image/png", "cacheControl": "max-age=3600", "lastModified": "2024-05-15T14:34:17.835Z", "contentLength": 15768, "httpStatusCode": 200}', '2ae37517-0248-4b77-b7ff-e485a5771a0b', NULL),
	('2bccc0b9-b2c9-4252-880e-3671a46e1c8c', 'main', 'council-application-receipts/council-application-receipt-a-6.png', NULL, '2024-05-15 14:34:17.853419+00', '2024-05-15 14:34:17.853419+00', '2024-05-15 14:34:17.853419+00', '{"eTag": "\"96da651b7f45f5167de3fc25bfd6076a\"", "size": 16394, "mimetype": "image/png", "cacheControl": "max-age=3600", "lastModified": "2024-05-15T14:34:17.835Z", "contentLength": 16394, "httpStatusCode": 200}', 'd4d19b1e-447a-4a7a-b0bd-f1e1811b83ab', NULL),
	('b94528fd-17bc-416b-9488-427341439c0f', 'main', 'deposit-receipts/deposit-receipt-4.png', NULL, '2024-05-15 14:34:17.957628+00', '2024-05-15 14:34:17.957628+00', '2024-05-15 14:34:17.957628+00', '{"eTag": "\"5bf60e8308dd839c3b25c41d4291a6e0\"", "size": 11430, "mimetype": "image/png", "cacheControl": "max-age=3600", "lastModified": "2024-05-15T14:34:17.945Z", "contentLength": 11430, "httpStatusCode": 200}', '28bb490e-3f37-404c-9435-4fa151e84b71', NULL),
	('4d30764c-43e7-4333-9c54-728ce8362c7d', 'main', 'deposit-receipts/deposit-receipt-2.png', NULL, '2024-05-15 14:34:17.956933+00', '2024-05-15 14:34:17.956933+00', '2024-05-15 14:34:17.956933+00', '{"eTag": "\"73e8a6cc2c3a9410e00935e0fe3a1a83\"", "size": 11597, "mimetype": "image/png", "cacheControl": "max-age=3600", "lastModified": "2024-05-15T14:34:17.945Z", "contentLength": 11597, "httpStatusCode": 200}', 'a93babe9-71db-4490-b29d-9f25f655d91c', NULL),
	('43818e22-21aa-4ac8-b90c-4a5c8ef2a4b3', 'main', 'deposit-receipts/deposit-receipt-7.png', NULL, '2024-05-15 14:34:17.997989+00', '2024-05-15 14:34:17.997989+00', '2024-05-15 14:34:17.997989+00', '{"eTag": "\"461e56883c89fa5d940c60deb4be7cee\"", "size": 11222, "mimetype": "image/png", "cacheControl": "max-age=3600", "lastModified": "2024-05-15T14:34:17.985Z", "contentLength": 11222, "httpStatusCode": 200}', 'ae154a0b-553b-447c-841f-cc4c395f9fce', NULL),
	('fc6dc60f-35c0-4cb3-95af-29ddb7f9b13f', 'main', 'deposit-receipts/deposit-receipt-6.png', NULL, '2024-05-15 14:34:17.99947+00', '2024-05-15 14:34:17.99947+00', '2024-05-15 14:34:17.99947+00', '{"eTag": "\"4ef21cf0d6afe379eaf808cb80514fb9\"", "size": 12139, "mimetype": "image/png", "cacheControl": "max-age=3600", "lastModified": "2024-05-15T14:34:17.985Z", "contentLength": 12139, "httpStatusCode": 200}', 'a3cbfd51-1181-4cf7-96d3-30d79b86d30b', NULL),
	('ff581d31-1983-40cd-9852-53ca91ae6ac6', 'main', 'drivers-licences/drivers-licence-1.png', NULL, '2024-05-15 14:34:18.180791+00', '2024-05-15 14:34:18.180791+00', '2024-05-15 14:34:18.180791+00', '{"eTag": "\"d084d976c9331f120743c64bafb470aa\"", "size": 9725, "mimetype": "image/png", "cacheControl": "max-age=3600", "lastModified": "2024-05-15T14:34:18.155Z", "contentLength": 9725, "httpStatusCode": 200}', '3549874a-0266-4304-b860-289a639ccedc', NULL),
	('f5c227dd-bbcb-45f0-87bb-4ab46485a864', 'main', 'driver-pictures/driver5.jpg', NULL, '2024-05-15 14:34:18.204809+00', '2024-05-15 14:34:18.204809+00', '2024-05-15 14:34:18.204809+00', '{"eTag": "\"010b6f3f915c7e210c429bb5e2e7890a\"", "size": 958184, "mimetype": "image/jpeg", "cacheControl": "max-age=3600", "lastModified": "2024-05-15T14:34:18.155Z", "contentLength": 958184, "httpStatusCode": 200}', '47e181f9-8830-4457-83f1-4a13e3dc8fd0', NULL),
	('4e77a2db-89f3-47f7-9472-f74e030d6e8c', 'main', 'driver-pictures/driver4.jpg', NULL, '2024-05-15 14:34:18.233484+00', '2024-05-15 14:34:18.233484+00', '2024-05-15 14:34:18.233484+00', '{"eTag": "\"3cbd25fd7d33687c363a7ebc03428df8\"", "size": 1332997, "mimetype": "image/jpeg", "cacheControl": "max-age=3600", "lastModified": "2024-05-15T14:34:18.165Z", "contentLength": 1332997, "httpStatusCode": 200}', '648d4d1a-4de6-4727-941e-942f03c51cb7', NULL),
	('1a99f56e-bc23-4459-ae5f-26d535c1d889', 'main', 'drivers-licences/drivers-licence-3.png', NULL, '2024-05-15 14:34:18.262305+00', '2024-05-15 14:34:18.262305+00', '2024-05-15 14:34:18.262305+00', '{"eTag": "\"10e2f7c0175de1369734ae11875c58bf\"", "size": 10323, "mimetype": "image/png", "cacheControl": "max-age=3600", "lastModified": "2024-05-15T14:34:18.245Z", "contentLength": 10323, "httpStatusCode": 200}', '4d786cf4-d706-4567-88aa-c4f1233851ab', NULL),
	('479ab662-3ecf-49af-8d56-1226957f1a22', 'main', 'drivers-licences/drivers-licence-4.png', NULL, '2024-05-15 14:34:18.273909+00', '2024-05-15 14:34:18.273909+00', '2024-05-15 14:34:18.273909+00', '{"eTag": "\"745ef2cb79d1b4baf808f8eb2ed6847c\"", "size": 9880, "mimetype": "image/png", "cacheControl": "max-age=3600", "lastModified": "2024-05-15T14:34:18.265Z", "contentLength": 9880, "httpStatusCode": 200}', 'bfa4c9f5-33f9-4283-b1a2-9420f34e8a36', NULL),
	('7fb9318c-5d6d-4bdc-b6bf-2531dfd0ea7b', 'main', 'council-applications/council-application-2.png', NULL, '2024-05-15 14:34:17.860721+00', '2024-05-15 14:34:17.860721+00', '2024-05-15 14:34:17.860721+00', '{"eTag": "\"f9d7bd5dab620258207c65c4df55d444\"", "size": 13400, "mimetype": "image/png", "cacheControl": "max-age=3600", "lastModified": "2024-05-15T14:34:17.835Z", "contentLength": 13400, "httpStatusCode": 200}', 'e2314128-e647-4ee5-a7d8-02984ccaa1e4', NULL),
	('b6ce5584-9990-4e45-a45b-f9d3edd7eff0', 'main', 'council-applications/council-application-4.png', NULL, '2024-05-15 14:34:17.899639+00', '2024-05-15 14:34:17.899639+00', '2024-05-15 14:34:17.899639+00', '{"eTag": "\"772a291bec71ea1b95ae815cd44859a0\"", "size": 13834, "mimetype": "image/png", "cacheControl": "max-age=3600", "lastModified": "2024-05-15T14:34:17.885Z", "contentLength": 13834, "httpStatusCode": 200}', '03dae455-6bc2-4cf0-af57-dd468b7cac51', NULL),
	('300604b2-0d69-42d9-be44-631842489472', 'main', 'deposit-receipts/deposit-receipt-5.png', NULL, '2024-05-15 14:34:17.958524+00', '2024-05-15 14:34:17.958524+00', '2024-05-15 14:34:17.958524+00', '{"eTag": "\"9f59ec81648ab7f8a9d34fef7cb10934\"", "size": 11630, "mimetype": "image/png", "cacheControl": "max-age=3600", "lastModified": "2024-05-15T14:34:17.945Z", "contentLength": 11630, "httpStatusCode": 200}', '1fbaef3b-8af2-476f-a84a-acde2d4e01eb', NULL),
	('3c0c106c-7721-428c-a22f-e3ced38ee23a', 'main', 'driver-pictures/driver6.jpg', NULL, '2024-05-15 14:34:18.249826+00', '2024-05-15 14:34:18.249826+00', '2024-05-15 14:34:18.249826+00', '{"eTag": "\"5227585e49c04e6f5355a5430040e6e8\"", "size": 1719837, "mimetype": "image/jpeg", "cacheControl": "max-age=3600", "lastModified": "2024-05-15T14:34:18.165Z", "contentLength": 1719837, "httpStatusCode": 200}', 'a59615fc-416e-44d4-a0ed-20ca64de66b3', NULL),
	('4ecad13d-2ead-4b51-bebd-aed3ae62a849', 'main', 'driver-pictures/driver7.jpg', NULL, '2024-05-15 14:34:18.279382+00', '2024-05-15 14:34:18.279382+00', '2024-05-15 14:34:18.279382+00', '{"eTag": "\"1be433ae6514ba43376a726b580af92c\"", "size": 2747094, "mimetype": "image/jpeg", "cacheControl": "max-age=3600", "lastModified": "2024-05-15T14:34:18.185Z", "contentLength": 2747094, "httpStatusCode": 200}', 'a0ebc756-f522-4a9c-b171-73d991b57bf1', NULL),
	('7e16da17-9c99-4ae6-bd0f-7bb9a026b266', 'main', 'hire-contracts/contract-4.png', NULL, '2024-05-15 14:34:18.498377+00', '2024-05-15 14:34:18.498377+00', '2024-05-15 14:34:18.498377+00', '{"eTag": "\"b7c077af43f3a11e28d69ba256cdfcb1\"", "size": 9087, "mimetype": "image/png", "cacheControl": "max-age=3600", "lastModified": "2024-05-15T14:34:18.485Z", "contentLength": 9087, "httpStatusCode": 200}', '13d96091-dd1d-41ff-bd55-a043730e9830', NULL),
	('c5f961e0-2dff-405c-8e10-ecbe33418b29', 'main', 'hire-pictures/hire-picture-10.png', NULL, '2024-05-15 14:34:18.532701+00', '2024-05-15 14:34:18.532701+00', '2024-05-15 14:34:18.532701+00', '{"eTag": "\"104c3c0f59f12b8125a58250f5f3acad\"", "size": 9549, "mimetype": "image/png", "cacheControl": "max-age=3600", "lastModified": "2024-05-15T14:34:18.525Z", "contentLength": 9549, "httpStatusCode": 200}', '4f479f31-a63e-4392-b133-d8352d607670', NULL),
	('3122411b-864d-43da-bd3f-66f2ce9b6b56', 'main', 'hire-pictures/hire-picture-4.png', NULL, '2024-05-15 14:34:18.585269+00', '2024-05-15 14:34:18.585269+00', '2024-05-15 14:34:18.585269+00', '{"eTag": "\"b1f4cc3e3203f7a8b6f820b857df48d6\"", "size": 8874, "mimetype": "image/png", "cacheControl": "max-age=3600", "lastModified": "2024-05-15T14:34:18.575Z", "contentLength": 8874, "httpStatusCode": 200}', '41f6f2dd-4cf4-4b4f-ab81-cdd8bd037568', NULL),
	('aa96d6bc-21d0-4870-995f-7e8386033d92', 'main', 'insurance-documents/insurance-3.png', NULL, '2024-05-15 14:34:18.679755+00', '2024-05-15 14:34:18.679755+00', '2024-05-15 14:34:18.679755+00', '{"eTag": "\"870509d23fe1aa37341856cdb3d28d30\"", "size": 9450, "mimetype": "image/png", "cacheControl": "max-age=3600", "lastModified": "2024-05-15T14:34:18.665Z", "contentLength": 9450, "httpStatusCode": 200}', 'da72be95-a159-415a-b089-1a2b2ddee6fd', NULL),
	('0d552291-13ec-4705-991e-4c11952e6467', 'main', 'permission-letters/persmission-letter-5.png', NULL, '2024-05-15 14:34:18.917486+00', '2024-05-15 14:34:18.917486+00', '2024-05-15 14:34:18.917486+00', '{"eTag": "\"921ec4699d8ce5f8470d4ab9befa8ebe\"", "size": 11783, "mimetype": "image/png", "cacheControl": "max-age=3600", "lastModified": "2024-05-15T14:34:18.905Z", "contentLength": 11783, "httpStatusCode": 200}', 'ded81f6c-32db-4960-acfa-9ded8e8c9c7b', NULL),
	('c0ce9a6a-42f6-49fa-ab98-a0049a292beb', 'main', 'phc-licences/phc-licence-red-letter-3.png', NULL, '2024-05-15 14:34:18.956434+00', '2024-05-15 14:34:18.956434+00', '2024-05-15 14:34:18.956434+00', '{"eTag": "\"3797ab6f6165fe92f3e4640158702a1d\"", "size": 13484, "mimetype": "image/png", "cacheControl": "max-age=3600", "lastModified": "2024-05-15T14:34:18.945Z", "contentLength": 13484, "httpStatusCode": 200}', 'baf3a3e8-8ca4-45a3-a4eb-c303f30f8737', NULL),
	('5b60e906-6cff-4e97-a44e-b53230ffc59a', 'main', 'rent-receipts/rent-12.png', NULL, '2024-05-15 14:34:19.020206+00', '2024-05-15 14:34:19.020206+00', '2024-05-15 14:34:19.020206+00', '{"eTag": "\"4a31f1afdc22abd0c60a71c4ef94287d\"", "size": 7018, "mimetype": "image/png", "cacheControl": "max-age=3600", "lastModified": "2024-05-15T14:34:19.005Z", "contentLength": 7018, "httpStatusCode": 200}', '68a38536-3e01-4955-8b04-7da1162fc55c', NULL),
	('6d06dc7c-8b50-463f-aebd-3a6d85d4807a', 'main', 'council-application-receipts/council-application-receipt-a-7.png', NULL, '2024-05-15 14:34:17.86107+00', '2024-05-15 14:34:17.86107+00', '2024-05-15 14:34:17.86107+00', '{"eTag": "\"82b3b8f91921cb424695acd60f78746f\"", "size": 15670, "mimetype": "image/png", "cacheControl": "max-age=3600", "lastModified": "2024-05-15T14:34:17.835Z", "contentLength": 15670, "httpStatusCode": 200}', '2607fcb0-1b6c-4910-a7d0-024fa48c4b82', NULL),
	('b114ee4f-cd0f-4e0c-bede-fd74aab1cc46', 'main', 'council-applications/council-application-3.png', NULL, '2024-05-15 14:34:17.895702+00', '2024-05-15 14:34:17.895702+00', '2024-05-15 14:34:17.895702+00', '{"eTag": "\"49fab0b61c05a97d68ff970b4e1fe2da\"", "size": 14170, "mimetype": "image/png", "cacheControl": "max-age=3600", "lastModified": "2024-05-15T14:34:17.885Z", "contentLength": 14170, "httpStatusCode": 200}', 'fd68178a-08e8-492d-9ff6-ed611f32de13', NULL),
	('90a17781-cc38-424f-8d9a-eb3e5a179569', 'main', 'council-applications/council-application-7.png', NULL, '2024-05-15 14:34:17.955624+00', '2024-05-15 14:34:17.955624+00', '2024-05-15 14:34:17.955624+00', '{"eTag": "\"e597a5dde69776171c76f06fcdf05ed6\"", "size": 13119, "mimetype": "image/png", "cacheControl": "max-age=3600", "lastModified": "2024-05-15T14:34:17.945Z", "contentLength": 13119, "httpStatusCode": 200}', 'd2cb3cf9-d727-4bdd-bfcc-83c222444f38', NULL),
	('586e9d7a-a083-41c8-93b5-9dd73623b4d7', 'main', 'hire-contracts/contract-3.png', NULL, '2024-05-15 14:34:18.498567+00', '2024-05-15 14:34:18.498567+00', '2024-05-15 14:34:18.498567+00', '{"eTag": "\"c5a6f7be5f1879263f748ca01ce7a234\"", "size": 9470, "mimetype": "image/png", "cacheControl": "max-age=3600", "lastModified": "2024-05-15T14:34:18.485Z", "contentLength": 9470, "httpStatusCode": 200}', 'a867fe3b-abf3-4123-9ae6-184c4d6941e8', NULL),
	('d78103f9-c86c-439f-bff5-d9b3fd6e1e8e', 'main', 'hire-pictures/hire-picture-5.png', NULL, '2024-05-15 14:34:18.585066+00', '2024-05-15 14:34:18.585066+00', '2024-05-15 14:34:18.585066+00', '{"eTag": "\"e8778faa765fad91c9391575a62cacc8\"", "size": 8988, "mimetype": "image/png", "cacheControl": "max-age=3600", "lastModified": "2024-05-15T14:34:18.575Z", "contentLength": 8988, "httpStatusCode": 200}', '6a9a18f4-1ca2-40d7-886e-d6f4f7e6f618', NULL),
	('32a66d94-a40f-4cc2-adb2-7ffc93bb048a', 'main', 'insurance-documents/insurance-10.png', NULL, '2024-05-15 14:34:18.62894+00', '2024-05-15 14:34:18.62894+00', '2024-05-15 14:34:18.62894+00', '{"eTag": "\"3cb1f0f621028166bd85e6a929980de7\"", "size": 9522, "mimetype": "image/png", "cacheControl": "max-age=3600", "lastModified": "2024-05-15T14:34:18.615Z", "contentLength": 9522, "httpStatusCode": 200}', 'b167c9f8-98cb-4219-a963-270999d56385', NULL),
	('0670dd91-62df-4ba1-a43f-f1aa5fb0c2b3', 'main', 'insurance-documents/insurance-8.png', NULL, '2024-05-15 14:34:18.68819+00', '2024-05-15 14:34:18.68819+00', '2024-05-15 14:34:18.68819+00', '{"eTag": "\"501cff58e437e56900cec9ffa3c63d0b\"", "size": 9510, "mimetype": "image/png", "cacheControl": "max-age=3600", "lastModified": "2024-05-15T14:34:18.665Z", "contentLength": 9510, "httpStatusCode": 200}', 'a99622e9-a10b-42c9-b95a-33844af0ec21', NULL),
	('8615a7a5-4d7c-4092-937b-89784cdb4deb', 'main', 'logbooks/logbook-1.png', NULL, '2024-05-15 14:34:18.723783+00', '2024-05-15 14:34:18.723783+00', '2024-05-15 14:34:18.723783+00', '{"eTag": "\"829d24485c7fea4440f0a9920efde89c\"", "size": 7541, "mimetype": "image/png", "cacheControl": "max-age=3600", "lastModified": "2024-05-15T14:34:18.705Z", "contentLength": 7541, "httpStatusCode": 200}', 'ad2f4cee-3c1f-4aa5-b839-0f0f83f04967', NULL),
	('b6178657-91d5-4594-8b87-f11a3f31513d', 'main', 'logbooks/logbook-4.png', NULL, '2024-05-15 14:34:18.788982+00', '2024-05-15 14:34:18.788982+00', '2024-05-15 14:34:18.788982+00', '{"eTag": "\"7ca841730151e6246b209ea1225a317a\"", "size": 7787, "mimetype": "image/png", "cacheControl": "max-age=3600", "lastModified": "2024-05-15T14:34:18.765Z", "contentLength": 7787, "httpStatusCode": 200}', 'fcaba58e-9510-463a-bd3f-695eec473c40', NULL),
	('221d0ebd-e2a8-4e0c-877a-46d8da0c1548', 'main', 'permission-letters/persmission-letter-1.png', NULL, '2024-05-15 14:34:18.847824+00', '2024-05-15 14:34:18.847824+00', '2024-05-15 14:34:18.847824+00', '{"eTag": "\"a3ea321ecc81be5b31d409d4ddc3e5ac\"", "size": 10193, "mimetype": "image/png", "cacheControl": "max-age=3600", "lastModified": "2024-05-15T14:34:18.835Z", "contentLength": 10193, "httpStatusCode": 200}', '20933325-adc2-481a-b362-c82cd8800598', NULL),
	('f5c94ebc-f65f-4ded-8f88-24652426468d', 'main', 'logos/logo2.jpg', NULL, '2024-05-15 14:34:18.866777+00', '2024-05-15 14:34:18.866777+00', '2024-05-15 14:34:18.866777+00', '{"eTag": "\"8aee398ae2774baca75b83cc94ff602f\"", "size": 1233622, "mimetype": "image/jpeg", "cacheControl": "max-age=3600", "lastModified": "2024-05-15T14:34:18.795Z", "contentLength": 1233622, "httpStatusCode": 200}', '338f939a-9a67-4562-ac82-2d021aa7fa2b', NULL),
	('e057ae59-0448-4848-aa24-92e5f683e3d1', 'main', 'phc-licences/phc-licence-red-letter-2.png', NULL, '2024-05-15 14:34:18.926402+00', '2024-05-15 14:34:18.926402+00', '2024-05-15 14:34:18.926402+00', '{"eTag": "\"3d2c3d75e7c05cffc8c183ba215fea72\"", "size": 13391, "mimetype": "image/png", "cacheControl": "max-age=3600", "lastModified": "2024-05-15T14:34:18.905Z", "contentLength": 13391, "httpStatusCode": 200}', '561adbfe-ebab-45e1-b12f-bb2c688c8feb', NULL),
	('9d4bae3b-eb78-447c-9504-53c66b48dc02', 'main', 'rent-receipts/rent-1.png', NULL, '2024-05-15 14:34:19.015311+00', '2024-05-15 14:34:19.015311+00', '2024-05-15 14:34:19.015311+00', '{"eTag": "\"3da3f52ca47cf1c927a6adb67985955e\"", "size": 6214, "mimetype": "image/png", "cacheControl": "max-age=3600", "lastModified": "2024-05-15T14:34:18.995Z", "contentLength": 6214, "httpStatusCode": 200}', '6069d3ec-a9cc-4d23-a704-6465c1d18135', NULL),
	('41f41c7b-c065-49b8-b865-7fd623715538', 'main', 'drivers-licences/drivers-licence-6.png', NULL, '2024-05-15 14:34:18.34249+00', '2024-05-15 14:34:18.34249+00', '2024-05-15 14:34:18.34249+00', '{"eTag": "\"9c08d2967c2f81caa74d401101540cee\"", "size": 10109, "mimetype": "image/png", "cacheControl": "max-age=3600", "lastModified": "2024-05-15T14:34:18.325Z", "contentLength": 10109, "httpStatusCode": 200}', '3cde7923-6d8d-42d8-aa8d-ae5525183bb0', NULL),
	('148de070-97b0-4c6f-86a5-6522ba88f1c6', 'main', 'employees/employee2.jpg', NULL, '2024-05-15 14:34:18.374527+00', '2024-05-15 14:34:18.374527+00', '2024-05-15 14:34:18.374527+00', '{"eTag": "\"0e742afff5b9a626e5b66f47eb98c32d\"", "size": 355864, "mimetype": "image/jpeg", "cacheControl": "max-age=3600", "lastModified": "2024-05-15T14:34:18.335Z", "contentLength": 355864, "httpStatusCode": 200}', '749a8fd7-47fd-41b9-b7cb-9d7f408f488c', NULL),
	('0cfb0047-7213-4de5-9735-0cc5070f9aca', 'main', 'hire-contracts/contract-1.png', NULL, '2024-05-15 14:34:18.398916+00', '2024-05-15 14:34:18.398916+00', '2024-05-15 14:34:18.398916+00', '{"eTag": "\"96c143bebb572116c41348c7ffad18e1\"", "size": 8717, "mimetype": "image/png", "cacheControl": "max-age=3600", "lastModified": "2024-05-15T14:34:18.375Z", "contentLength": 8717, "httpStatusCode": 200}', '4b4c6eec-93e6-4a48-b804-e1f6ca325a4b', NULL),
	('319068a1-47dc-45a1-96ce-3d13997ea9bb', 'main', 'hire-contracts/contract-6.png', NULL, '2024-05-15 14:34:18.500044+00', '2024-05-15 14:34:18.500044+00', '2024-05-15 14:34:18.500044+00', '{"eTag": "\"b18b8040ff119137842eb8985d5ccf89\"", "size": 9591, "mimetype": "image/png", "cacheControl": "max-age=3600", "lastModified": "2024-05-15T14:34:18.485Z", "contentLength": 9591, "httpStatusCode": 200}', 'ab7247cf-5308-4772-9e25-b33208dd6ba8', NULL),
	('923f2eaa-090e-4f41-89c5-198ad06685db', 'main', 'hire-pictures/hire-picture-12.png', NULL, '2024-05-15 14:34:18.534798+00', '2024-05-15 14:34:18.534798+00', '2024-05-15 14:34:18.534798+00', '{"eTag": "\"267d64dfc3d18a0816f663099979b55d\"", "size": 9204, "mimetype": "image/png", "cacheControl": "max-age=3600", "lastModified": "2024-05-15T14:34:18.525Z", "contentLength": 9204, "httpStatusCode": 200}', 'fc38b39d-dd58-4ed1-b237-82bb74d59498', NULL),
	('66f44072-92e7-4ff6-8837-f0517455acbc', 'main', 'hire-pictures/hire-picture-8.png', NULL, '2024-05-15 14:34:18.587235+00', '2024-05-15 14:34:18.587235+00', '2024-05-15 14:34:18.587235+00', '{"eTag": "\"596513b8ab8b96ed191fa3562e5f8d41\"", "size": 9269, "mimetype": "image/png", "cacheControl": "max-age=3600", "lastModified": "2024-05-15T14:34:18.575Z", "contentLength": 9269, "httpStatusCode": 200}', '59557d66-e5eb-4016-9108-b181190c402f', NULL),
	('b34c038c-e6e5-45ec-ade8-cac57ec4cd81', 'main', 'insurance-documents/insurance-2.png', NULL, '2024-05-15 14:34:18.626989+00', '2024-05-15 14:34:18.626989+00', '2024-05-15 14:34:18.626989+00', '{"eTag": "\"8b974edf683e678c8dbd111b08043c14\"", "size": 9134, "mimetype": "image/png", "cacheControl": "max-age=3600", "lastModified": "2024-05-15T14:34:18.615Z", "contentLength": 9134, "httpStatusCode": 200}', 'd0a5c681-8b42-4c7c-9350-404f6e39c380', NULL),
	('d8c1901a-fc6b-41af-a03c-edbf765e429f', 'main', 'insurance-documents/insurance-6.png', NULL, '2024-05-15 14:34:18.6854+00', '2024-05-15 14:34:18.6854+00', '2024-05-15 14:34:18.6854+00', '{"eTag": "\"63236183ac8ea1c50cede0ac8426a755\"", "size": 9489, "mimetype": "image/png", "cacheControl": "max-age=3600", "lastModified": "2024-05-15T14:34:18.665Z", "contentLength": 9489, "httpStatusCode": 200}', 'bdb3b383-ebbf-4ab8-90c3-6655fffe6940', NULL),
	('1f045062-bbf2-4e01-abd9-f030badb0d72', 'main', 'logbooks/logbook-3.png', NULL, '2024-05-15 14:34:18.72462+00', '2024-05-15 14:34:18.72462+00', '2024-05-15 14:34:18.72462+00', '{"eTag": "\"6c7add470809c3bfee8e172eb87688fa\"", "size": 8302, "mimetype": "image/png", "cacheControl": "max-age=3600", "lastModified": "2024-05-15T14:34:18.705Z", "contentLength": 8302, "httpStatusCode": 200}', 'aee40745-191b-47a3-a863-a1bff3181bd9', NULL),
	('17927947-270d-40e9-bbf7-d9ac806af113', 'main', 'logbooks/logbook-5.png', NULL, '2024-05-15 14:34:18.799089+00', '2024-05-15 14:34:18.799089+00', '2024-05-15 14:34:18.799089+00', '{"eTag": "\"7a8e925165af079946cd0f444a14c4ae\"", "size": 8170, "mimetype": "image/png", "cacheControl": "max-age=3600", "lastModified": "2024-05-15T14:34:18.775Z", "contentLength": 8170, "httpStatusCode": 200}', 'e81f5573-94bb-4037-873b-c6e8b1e63098', NULL),
	('104b28b5-09ef-48d5-a6f1-c094fdbf410c', 'main', 'permission-letters/persmission-letter-3.png', NULL, '2024-05-15 14:34:18.859073+00', '2024-05-15 14:34:18.859073+00', '2024-05-15 14:34:18.859073+00', '{"eTag": "\"943119d28c92c04dcb3a3347f3920d08\"", "size": 11919, "mimetype": "image/png", "cacheControl": "max-age=3600", "lastModified": "2024-05-15T14:34:18.835Z", "contentLength": 11919, "httpStatusCode": 200}', 'c965a11b-c39e-40d5-a651-a0a6cb66b41f', NULL),
	('624d592a-557d-4d59-b8f3-9547fae89a73', 'main', 'logos/logo3.jpg', NULL, '2024-05-15 14:34:18.871726+00', '2024-05-15 14:34:18.871726+00', '2024-05-15 14:34:18.871726+00', '{"eTag": "\"89ee731e6f320aae68899d1a6ab13603\"", "size": 820926, "mimetype": "image/jpeg", "cacheControl": "max-age=3600", "lastModified": "2024-05-15T14:34:18.835Z", "contentLength": 820926, "httpStatusCode": 200}', '8dfd48b0-2598-4591-97d0-f86605cf0ad1', NULL),
	('a0dac3ed-2c49-46c6-ad59-ec16998bdac6', 'main', 'phc-licences/phc-licence-red-letter-1.png', NULL, '2024-05-15 14:34:18.926024+00', '2024-05-15 14:34:18.926024+00', '2024-05-15 14:34:18.926024+00', '{"eTag": "\"3d4e7e1c362696fc4f115be582bf3329\"", "size": 12774, "mimetype": "image/png", "cacheControl": "max-age=3600", "lastModified": "2024-05-15T14:34:18.905Z", "contentLength": 12774, "httpStatusCode": 200}', '39b97e06-4a8b-4563-b773-351431530d85', NULL),
	('3facdef2-c5dc-4333-8750-6f10f429303c', 'main', 'drivers-licences/drivers-licence-7.png', NULL, '2024-05-15 14:34:18.347269+00', '2024-05-15 14:34:18.347269+00', '2024-05-15 14:34:18.347269+00', '{"eTag": "\"d6090f328520c6b09a646931d3ac85fe\"", "size": 9856, "mimetype": "image/png", "cacheControl": "max-age=3600", "lastModified": "2024-05-15T14:34:18.325Z", "contentLength": 9856, "httpStatusCode": 200}', 'ee24834a-754e-4d19-8b07-b552d12e7fe6', NULL),
	('77ad1348-1d0c-4d23-a15d-ca2cd61dd3ab', 'main', 'hire-contracts/contract-7.png', NULL, '2024-05-15 14:34:18.504577+00', '2024-05-15 14:34:18.504577+00', '2024-05-15 14:34:18.504577+00', '{"eTag": "\"2654e82b54a82f0a5af133f305591b00\"", "size": 8951, "mimetype": "image/png", "cacheControl": "max-age=3600", "lastModified": "2024-05-15T14:34:18.485Z", "contentLength": 8951, "httpStatusCode": 200}', 'b92d1cf2-96c8-465b-9649-7a29d0f3f3c4', NULL),
	('01cfda2a-458c-445c-a9cb-c943bbbac52b', 'main', 'hire-pictures/hire-picture-3.png', NULL, '2024-05-15 14:34:18.585561+00', '2024-05-15 14:34:18.585561+00', '2024-05-15 14:34:18.585561+00', '{"eTag": "\"57fb5756d840786e32c8bbef2fccc1ba\"", "size": 9307, "mimetype": "image/png", "cacheControl": "max-age=3600", "lastModified": "2024-05-15T14:34:18.575Z", "contentLength": 9307, "httpStatusCode": 200}', '030b32b0-0b0e-417d-b923-754a23eac6c0', NULL),
	('ced0175d-9132-47c5-bb55-ded946567212', 'main', 'hire-pictures/hire-picture-9.png', NULL, '2024-05-15 14:34:18.625883+00', '2024-05-15 14:34:18.625883+00', '2024-05-15 14:34:18.625883+00', '{"eTag": "\"9bff973aee9de628b7c1524161243c2a\"", "size": 9336, "mimetype": "image/png", "cacheControl": "max-age=3600", "lastModified": "2024-05-15T14:34:18.615Z", "contentLength": 9336, "httpStatusCode": 200}', '377b2396-c8fd-40ef-8ce4-ba415a1b685a', NULL),
	('6b71be41-6806-4fba-948d-4fc1d491939d', 'main', 'insurance-documents/insurance-4.png', NULL, '2024-05-15 14:34:18.68043+00', '2024-05-15 14:34:18.68043+00', '2024-05-15 14:34:18.68043+00', '{"eTag": "\"58abb8fdb0a4958066bac43d7914746e\"", "size": 8944, "mimetype": "image/png", "cacheControl": "max-age=3600", "lastModified": "2024-05-15T14:34:18.665Z", "contentLength": 8944, "httpStatusCode": 200}', '54977f52-2d62-43ee-9ca7-076c846b1e4a', NULL),
	('9795053f-2114-43a6-97ab-87ff941cf53c', 'main', 'logbooks/logbook-7.png', NULL, '2024-05-15 14:34:18.802831+00', '2024-05-15 14:34:18.802831+00', '2024-05-15 14:34:18.802831+00', '{"eTag": "\"2e831e760202c0d2c78f618086ee0045\"", "size": 7703, "mimetype": "image/png", "cacheControl": "max-age=3600", "lastModified": "2024-05-15T14:34:18.775Z", "contentLength": 7703, "httpStatusCode": 200}', '9b737bbe-bb46-4469-adcb-a6ff9507e5c2', NULL),
	('e37fee9f-8fdb-4118-b6cf-3402f1a7da67', 'main', 'permission-letters/persmission-letter-2.png', NULL, '2024-05-15 14:34:18.847211+00', '2024-05-15 14:34:18.847211+00', '2024-05-15 14:34:18.847211+00', '{"eTag": "\"9a34c0a6d55d3273e7ff07a4c4ec8a51\"", "size": 10728, "mimetype": "image/png", "cacheControl": "max-age=3600", "lastModified": "2024-05-15T14:34:18.835Z", "contentLength": 10728, "httpStatusCode": 200}', '5a01164d-037b-4228-9475-761a29d48c6c', NULL),
	('1cde633e-e9ee-4aef-bd88-d267633ca7a7', 'main', 'permission-letters/persmission-letter-6.png', NULL, '2024-05-15 14:34:18.917851+00', '2024-05-15 14:34:18.917851+00', '2024-05-15 14:34:18.917851+00', '{"eTag": "\"82005925104c5ff428a1cf67481473bd\"", "size": 11035, "mimetype": "image/png", "cacheControl": "max-age=3600", "lastModified": "2024-05-15T14:34:18.905Z", "contentLength": 11035, "httpStatusCode": 200}', 'eb232bae-ea5a-454a-bed3-47abe7ded2e8', NULL),
	('f9bf4e0c-2551-46d1-907b-b15e2bf91b4b', 'main', 'phc-licences/phc-licence-red-letter-4.png', NULL, '2024-05-15 14:34:18.960294+00', '2024-05-15 14:34:18.960294+00', '2024-05-15 14:34:18.960294+00', '{"eTag": "\"2133f7d0b8408d160d80f1fce7c2fba7\"", "size": 13099, "mimetype": "image/png", "cacheControl": "max-age=3600", "lastModified": "2024-05-15T14:34:18.945Z", "contentLength": 13099, "httpStatusCode": 200}', '02902aeb-ac0d-4488-b175-9e9338b62e09', NULL),
	('c19fb128-0b15-42e3-acd0-cca96bc3f2a5', 'main', 'rent-receipts/rent-2.png', NULL, '2024-05-15 14:34:19.023566+00', '2024-05-15 14:34:19.023566+00', '2024-05-15 14:34:19.023566+00', '{"eTag": "\"f3f0ee5b03e822cad8ed5745074f3927\"", "size": 6812, "mimetype": "image/png", "cacheControl": "max-age=3600", "lastModified": "2024-05-15T14:34:19.005Z", "contentLength": 6812, "httpStatusCode": 200}', 'f938ccbd-49be-458f-879c-e23618995094', NULL),
	('99fff6ec-c5f0-4e5f-be61-d6901ea6adf6', 'main', 'rent-receipts/rent-8.png', NULL, '2024-05-15 14:34:19.114979+00', '2024-05-15 14:34:19.114979+00', '2024-05-15 14:34:19.114979+00', '{"eTag": "\"c9452b6607683c8ea0d35caf61d19395\"", "size": 7094, "mimetype": "image/png", "cacheControl": "max-age=3600", "lastModified": "2024-05-15T14:34:19.095Z", "contentLength": 7094, "httpStatusCode": 200}', '4b5b5ca5-fefd-4627-b995-3adf059b07af', NULL),
	('f26d287e-288c-414f-9042-79ec31bcdb07', 'main', 'taxi-badges/taxi-badge-7.png', NULL, '2024-05-15 14:34:19.161087+00', '2024-05-15 14:34:19.161087+00', '2024-05-15 14:34:19.161087+00', '{"eTag": "\"2e4a86fb91e339da1fb2baae581a7d67\"", "size": 9749, "mimetype": "image/png", "cacheControl": "max-age=3600", "lastModified": "2024-05-15T14:34:19.145Z", "contentLength": 9749, "httpStatusCode": 200}', 'd2c96f19-c778-4686-aadc-958e3044ac20', NULL),
	('bbb89daa-9756-4f8a-adfb-df2739f2882e', 'main', 'hire-pictures/hire-picture-2.png', NULL, '2024-05-15 14:34:18.534161+00', '2024-05-15 14:34:18.534161+00', '2024-05-15 14:34:18.534161+00', '{"eTag": "\"22d06d00dafbb26f1101f5555ffa8562\"", "size": 9107, "mimetype": "image/png", "cacheControl": "max-age=3600", "lastModified": "2024-05-15T14:34:18.525Z", "contentLength": 9107, "httpStatusCode": 200}', '68823f06-f917-45b9-987d-65ec213a0b9d', NULL),
	('de88fe46-f804-465f-acfc-1d6c4680fd37', 'main', 'hire-pictures/hire-picture-7.png', NULL, '2024-05-15 14:34:18.593017+00', '2024-05-15 14:34:18.593017+00', '2024-05-15 14:34:18.593017+00', '{"eTag": "\"52560dc2c4933dac0c960726f3648ce1\"", "size": 8731, "mimetype": "image/png", "cacheControl": "max-age=3600", "lastModified": "2024-05-15T14:34:18.575Z", "contentLength": 8731, "httpStatusCode": 200}', 'a6da188c-b67a-49f6-9e74-e46655b0f5e9', NULL),
	('5fc05176-d539-4ae2-a377-6445309105b4', 'main', 'insurance-documents/insurance-5.png', NULL, '2024-05-15 14:34:18.680027+00', '2024-05-15 14:34:18.680027+00', '2024-05-15 14:34:18.680027+00', '{"eTag": "\"58c6e4db501a7ed8dadb3c44bca9da61\"", "size": 9188, "mimetype": "image/png", "cacheControl": "max-age=3600", "lastModified": "2024-05-15T14:34:18.665Z", "contentLength": 9188, "httpStatusCode": 200}', '6394e341-d7a9-4db1-afb4-4b463236e673', NULL),
	('57d5b039-8d8b-4766-9f6c-ab125cd1220a', 'main', 'logbooks/logbook-2.png', NULL, '2024-05-15 14:34:18.72566+00', '2024-05-15 14:34:18.72566+00', '2024-05-15 14:34:18.72566+00', '{"eTag": "\"26bd4f8db0e693ffaf76e910183948f4\"", "size": 8752, "mimetype": "image/png", "cacheControl": "max-age=3600", "lastModified": "2024-05-15T14:34:18.715Z", "contentLength": 8752, "httpStatusCode": 200}', '1d248a19-a86d-4885-ad9d-70dcbb089240', NULL),
	('d34f9a06-641e-4617-a5bf-6baa4bea10f8', 'main', 'logbooks/logbook-6.png', NULL, '2024-05-15 14:34:18.793205+00', '2024-05-15 14:34:18.793205+00', '2024-05-15 14:34:18.793205+00', '{"eTag": "\"5081ab1ecefe6b5bead9ad9fef0a7b80\"", "size": 9052, "mimetype": "image/png", "cacheControl": "max-age=3600", "lastModified": "2024-05-15T14:34:18.765Z", "contentLength": 9052, "httpStatusCode": 200}', 'd0dea059-7641-456f-ab7f-68ed9d249930', NULL),
	('31529404-314d-48cf-a431-96a02c65c122', 'main', 'logos/logo1.jpg', NULL, '2024-05-15 14:34:18.848779+00', '2024-05-15 14:34:18.848779+00', '2024-05-15 14:34:18.848779+00', '{"eTag": "\"9e8d597787025f8a7011b4c4278c1aff\"", "size": 811940, "mimetype": "image/jpeg", "cacheControl": "max-age=3600", "lastModified": "2024-05-15T14:34:18.795Z", "contentLength": 811940, "httpStatusCode": 200}', '4ce361eb-9fed-4e1c-8893-e46eaaa1462a', NULL),
	('4b2bbb60-1782-485f-ba62-2be9249feabf', 'main', 'permission-letters/persmission-letter-7.png', NULL, '2024-05-15 14:34:18.919891+00', '2024-05-15 14:34:18.919891+00', '2024-05-15 14:34:18.919891+00', '{"eTag": "\"b13e2cf047a5189193b0c2e576b2c196\"", "size": 11183, "mimetype": "image/png", "cacheControl": "max-age=3600", "lastModified": "2024-05-15T14:34:18.905Z", "contentLength": 11183, "httpStatusCode": 200}', 'aab6d268-783d-4194-a9fe-b30f03a2a284', NULL),
	('5b46ffe6-e60c-46e3-860c-8dce864c12ff', 'main', 'phc-licences/phc-licence-red-letter-5.png', NULL, '2024-05-15 14:34:18.956251+00', '2024-05-15 14:34:18.956251+00', '2024-05-15 14:34:18.956251+00', '{"eTag": "\"3d5d4acfa16c380e560b4b4e32eb68a2\"", "size": 13362, "mimetype": "image/png", "cacheControl": "max-age=3600", "lastModified": "2024-05-15T14:34:18.945Z", "contentLength": 13362, "httpStatusCode": 200}', 'ee7de6f9-783d-4901-ad36-2a7766672caa', NULL),
	('5af069e2-c172-4c77-af80-cdc4507c642a', 'main', 'rent-receipts/rent-10.png', NULL, '2024-05-15 14:34:19.016672+00', '2024-05-15 14:34:19.016672+00', '2024-05-15 14:34:19.016672+00', '{"eTag": "\"c41e7deceb29aa53a3aa5cf72fb748c4\"", "size": 7223, "mimetype": "image/png", "cacheControl": "max-age=3600", "lastModified": "2024-05-15T14:34:18.995Z", "contentLength": 7223, "httpStatusCode": 200}', 'da2e138c-545a-431b-a59d-b710685a62ba', NULL),
	('56eb4c30-078c-4ed9-9eda-41d0bfd57432', 'main', 'rent-receipts/rent-6.png', NULL, '2024-05-15 14:34:19.054196+00', '2024-05-15 14:34:19.054196+00', '2024-05-15 14:34:19.054196+00', '{"eTag": "\"b3340240ed6082f5546a0a638c158463\"", "size": 7122, "mimetype": "image/png", "cacheControl": "max-age=3600", "lastModified": "2024-05-15T14:34:19.045Z", "contentLength": 7122, "httpStatusCode": 200}', '39060d76-bc9b-4554-b556-5013d0e91141', NULL),
	('52bf2c07-950c-4ba9-a7ed-374b5724dd63', 'main', 'taxi-badges/taxi-badge-1.png', NULL, '2024-05-15 14:34:19.114824+00', '2024-05-15 14:34:19.114824+00', '2024-05-15 14:34:19.114824+00', '{"eTag": "\"721d812aa7bc77f09dfbd7d2a96c6ca7\"", "size": 9465, "mimetype": "image/png", "cacheControl": "max-age=3600", "lastModified": "2024-05-15T14:34:19.095Z", "contentLength": 9465, "httpStatusCode": 200}', '5014e390-2e78-4f8e-904b-7df4e619a130', NULL),
	('df713ccf-cef5-44cd-99ef-77ac1241c06b', 'main', 'taxi-badges/taxi-badge-5.png', NULL, '2024-05-15 14:34:19.157868+00', '2024-05-15 14:34:19.157868+00', '2024-05-15 14:34:19.157868+00', '{"eTag": "\"fb5081a4337b86a1073b29492a3a01be\"", "size": 10088, "mimetype": "image/png", "cacheControl": "max-age=3600", "lastModified": "2024-05-15T14:34:19.145Z", "contentLength": 10088, "httpStatusCode": 200}', '2c4ea750-499e-48a7-91cb-b2a75c141504', NULL),
	('5a030466-fe1d-4133-8dad-2de23b0384be', 'main', 'taxi-pictures/taxi-2.png', NULL, '2024-05-15 14:34:19.221334+00', '2024-05-15 14:34:19.221334+00', '2024-05-15 14:34:19.221334+00', '{"eTag": "\"345f6cad8ca82e602c710730d1a91e83\"", "size": 6594, "mimetype": "image/png", "cacheControl": "max-age=3600", "lastModified": "2024-05-15T14:34:19.205Z", "contentLength": 6594, "httpStatusCode": 200}', '31cc55be-ee28-44f0-8bac-8a0a80f0b629', NULL),
	('749fb42b-3467-424d-828d-0edfde237edb', 'main', 'permission-letters/persmission-letter-4.png', NULL, '2024-05-15 14:34:18.917713+00', '2024-05-15 14:34:18.917713+00', '2024-05-15 14:34:18.917713+00', '{"eTag": "\"1d5214585ed05f3b2952b55f53c3e13a\"", "size": 11434, "mimetype": "image/png", "cacheControl": "max-age=3600", "lastModified": "2024-05-15T14:34:18.905Z", "contentLength": 11434, "httpStatusCode": 200}', 'a8e96fb3-04c0-4c03-b0e7-1d2d17f4379f', NULL),
	('023ceb11-d47c-4eef-a2c3-40e37f178b71', 'main', 'phc-licences/phc-licence-red-letter-6.png', NULL, '2024-05-15 14:34:18.957832+00', '2024-05-15 14:34:18.957832+00', '2024-05-15 14:34:18.957832+00', '{"eTag": "\"4339c6f6bb79a6551efc03a4f9d2714d\"", "size": 13360, "mimetype": "image/png", "cacheControl": "max-age=3600", "lastModified": "2024-05-15T14:34:18.945Z", "contentLength": 13360, "httpStatusCode": 200}', '0e2aeb30-835d-4391-b092-875dc409e20a', NULL),
	('812cd417-e18e-4788-9230-2a6fa3ed863d', 'main', 'rent-receipts/rent-11.png', NULL, '2024-05-15 14:34:19.018233+00', '2024-05-15 14:34:19.018233+00', '2024-05-15 14:34:19.018233+00', '{"eTag": "\"f928ecefcc707c22f57c6488e07f352a\"", "size": 6438, "mimetype": "image/png", "cacheControl": "max-age=3600", "lastModified": "2024-05-15T14:34:19.005Z", "contentLength": 6438, "httpStatusCode": 200}', '91a10d5e-e5a4-443f-aee9-479956453dfe', NULL),
	('49e33067-dbc9-4937-b711-935147a627c0', 'main', 'rent-receipts/rent-4.png', NULL, '2024-05-15 14:34:19.053822+00', '2024-05-15 14:34:19.053822+00', '2024-05-15 14:34:19.053822+00', '{"eTag": "\"8a50c1d47be8179eff8ac01f2c64b78e\"", "size": 6542, "mimetype": "image/png", "cacheControl": "max-age=3600", "lastModified": "2024-05-15T14:34:19.045Z", "contentLength": 6542, "httpStatusCode": 200}', '5393de3d-8bb2-4977-b15e-ce0ab35c3dab', NULL),
	('6954b7d3-8b62-490a-94d0-f2956ccb0168', 'main', 'taxi-badges/taxi-badge-3.png', NULL, '2024-05-15 14:34:19.121643+00', '2024-05-15 14:34:19.121643+00', '2024-05-15 14:34:19.121643+00', '{"eTag": "\"9508aa69898c8a1b8babd12c7e579989\"", "size": 10253, "mimetype": "image/png", "cacheControl": "max-age=3600", "lastModified": "2024-05-15T14:34:19.105Z", "contentLength": 10253, "httpStatusCode": 200}', 'f0b974ff-d0ff-4558-b7b3-e500a4e2167e', NULL),
	('fa5639c5-f9bc-4e36-a202-850d12de13cd', 'main', 'taxi-pictures/taxi-4.png', NULL, '2024-05-15 14:34:19.221681+00', '2024-05-15 14:34:19.221681+00', '2024-05-15 14:34:19.221681+00', '{"eTag": "\"18a856455b810aa651b24bfaeea918d4\"", "size": 6231, "mimetype": "image/png", "cacheControl": "max-age=3600", "lastModified": "2024-05-15T14:34:19.205Z", "contentLength": 6231, "httpStatusCode": 200}', '8423911b-e2dd-481d-844a-4c76110edef6', NULL),
	('cda3112d-623c-4273-9088-4598d11b91e2', 'main', 'phc-licences/phc-licence-red-letter-7.png', NULL, '2024-05-15 14:34:19.014547+00', '2024-05-15 14:34:19.014547+00', '2024-05-15 14:34:19.014547+00', '{"eTag": "\"0f529bef9228b536ea2409b8051d886d\"", "size": 12971, "mimetype": "image/png", "cacheControl": "max-age=3600", "lastModified": "2024-05-15T14:34:18.995Z", "contentLength": 12971, "httpStatusCode": 200}', 'd7d79ddf-9ad4-4941-a7cf-4a93c5258c4c', NULL),
	('3a864b6e-7472-4872-9ab4-1fa0a5b86dc2', 'main', 'rent-receipts/rent-5.png', NULL, '2024-05-15 14:34:19.052988+00', '2024-05-15 14:34:19.052988+00', '2024-05-15 14:34:19.052988+00', '{"eTag": "\"1c193d98a40e250b926109a53bd15022\"", "size": 6880, "mimetype": "image/png", "cacheControl": "max-age=3600", "lastModified": "2024-05-15T14:34:19.045Z", "contentLength": 6880, "httpStatusCode": 200}', '6697a086-7c7d-409e-a1c6-13a8b276ea0b', NULL),
	('6693af9f-a9c6-4b69-9ec0-808a896090ea', 'main', 'rent-receipts/rent-7.png', NULL, '2024-05-15 14:34:19.113541+00', '2024-05-15 14:34:19.113541+00', '2024-05-15 14:34:19.113541+00', '{"eTag": "\"35fe634ef7e9199c6d776bfda90dad4e\"", "size": 6399, "mimetype": "image/png", "cacheControl": "max-age=3600", "lastModified": "2024-05-15T14:34:19.095Z", "contentLength": 6399, "httpStatusCode": 200}', 'a8a73777-b426-4634-8be2-493c034207b0', NULL),
	('6458a002-8156-4a44-beae-4599875945b4', 'main', 'taxi-pictures/taxi-1.png', NULL, '2024-05-15 14:34:19.220411+00', '2024-05-15 14:34:19.220411+00', '2024-05-15 14:34:19.220411+00', '{"eTag": "\"d164b79e280d5e773977f132f1f43888\"", "size": 5974, "mimetype": "image/png", "cacheControl": "max-age=3600", "lastModified": "2024-05-15T14:34:19.205Z", "contentLength": 5974, "httpStatusCode": 200}', 'c8d013bf-b6c8-4366-89b1-13aab017cd76', NULL),
	('b7951ef0-5860-479c-9876-118b81cad300', 'main', 'taxi-pictures/taxi-7.png', NULL, '2024-05-15 14:34:19.244665+00', '2024-05-15 14:34:19.244665+00', '2024-05-15 14:34:19.244665+00', '{"eTag": "\"7698e3bf30be0704ed8cc7e94bb47961\"", "size": 6194, "mimetype": "image/png", "cacheControl": "max-age=3600", "lastModified": "2024-05-15T14:34:19.235Z", "contentLength": 6194, "httpStatusCode": 200}', '2c6af714-ab68-43c1-b588-cb222c1f0b7e', NULL),
	('554af7df-3140-4599-a8fc-d835d212687c', 'main', 'rent-receipts/rent-3.png', NULL, '2024-05-15 14:34:19.05893+00', '2024-05-15 14:34:19.05893+00', '2024-05-15 14:34:19.05893+00', '{"eTag": "\"6b5b439a760822426cca1de7fa1931fd\"", "size": 6998, "mimetype": "image/png", "cacheControl": "max-age=3600", "lastModified": "2024-05-15T14:34:19.045Z", "contentLength": 6998, "httpStatusCode": 200}', 'eb225bc3-ab57-48f6-9e97-af6af74a5d2f', NULL),
	('bc9d5e03-81be-46ec-892f-1250fbbef1ce', 'main', 'taxi-badges/taxi-badge-2.png', NULL, '2024-05-15 14:34:19.115514+00', '2024-05-15 14:34:19.115514+00', '2024-05-15 14:34:19.115514+00', '{"eTag": "\"8a24c85ccc71803f8b15cf22da08f7ac\"", "size": 10022, "mimetype": "image/png", "cacheControl": "max-age=3600", "lastModified": "2024-05-15T14:34:19.095Z", "contentLength": 10022, "httpStatusCode": 200}', '261e924f-e0b3-401f-90ee-304674a2bc81', NULL),
	('ad4e1048-5db2-4cb5-89fb-d71a51a04d55', 'main', 'taxi-badges/taxi-badge-6.png', NULL, '2024-05-15 14:34:19.164236+00', '2024-05-15 14:34:19.164236+00', '2024-05-15 14:34:19.164236+00', '{"eTag": "\"7871aaceffde541c9f9a2e95a4af57a3\"", "size": 11009, "mimetype": "image/png", "cacheControl": "max-age=3600", "lastModified": "2024-05-15T14:34:19.145Z", "contentLength": 11009, "httpStatusCode": 200}', 'b5824e62-2192-4cca-9fd3-33d5c351af9a', NULL),
	('a6e422ac-aa26-40ca-a7f4-53f1773faf98', 'main', 'taxi-pictures/taxi-5.png', NULL, '2024-05-15 14:34:19.224339+00', '2024-05-15 14:34:19.224339+00', '2024-05-15 14:34:19.224339+00', '{"eTag": "\"f1600e953bb6d29fc96a31a58512b2b8\"", "size": 6598, "mimetype": "image/png", "cacheControl": "max-age=3600", "lastModified": "2024-05-15T14:34:19.205Z", "contentLength": 6598, "httpStatusCode": 200}', '9d9ee120-1e13-4deb-9b08-0e7dcd37ea36', NULL),
	('9c486b71-0ad7-4fdf-bd83-9ec3bcf7f823', 'main', 'rent-receipts/rent-9.png', NULL, '2024-05-15 14:34:19.11254+00', '2024-05-15 14:34:19.11254+00', '2024-05-15 14:34:19.11254+00', '{"eTag": "\"4d8835b8589abdca1e0cd671a3f9e2c8\"", "size": 7206, "mimetype": "image/png", "cacheControl": "max-age=3600", "lastModified": "2024-05-15T14:34:19.095Z", "contentLength": 7206, "httpStatusCode": 200}', 'f2c97f6f-fc37-47f7-8e91-5b713350cbcc', NULL),
	('30a61284-7c35-45dd-a5fe-e6e213e4256a', 'main', 'taxi-badges/taxi-badge-4.png', NULL, '2024-05-15 14:34:19.157245+00', '2024-05-15 14:34:19.157245+00', '2024-05-15 14:34:19.157245+00', '{"eTag": "\"02ca50cc1432cbaf99946446db8b4860\"", "size": 9763, "mimetype": "image/png", "cacheControl": "max-age=3600", "lastModified": "2024-05-15T14:34:19.145Z", "contentLength": 9763, "httpStatusCode": 200}', '45aaec56-56d7-4452-ad6a-2c05d7f6c302', NULL),
	('644a3626-a717-4741-81df-ec77dd5f3aae', 'main', 'taxi-badges/taxi-badge-a.png', NULL, '2024-05-15 14:34:19.222499+00', '2024-05-15 14:34:19.222499+00', '2024-05-15 14:34:19.222499+00', '{"eTag": "\"68f4a4d10f5105056266d35cbd0a51ec\"", "size": 10029, "mimetype": "image/png", "cacheControl": "max-age=3600", "lastModified": "2024-05-15T14:34:19.205Z", "contentLength": 10029, "httpStatusCode": 200}', 'eb97cd7b-5f56-4d59-8eda-eac35ffef97f', NULL),
	('baef8aae-5a96-4ab2-8ec0-642133f98614', 'main', 'taxi-pictures/taxi-3.png', NULL, '2024-05-15 14:34:19.221002+00', '2024-05-15 14:34:19.221002+00', '2024-05-15 14:34:19.221002+00', '{"eTag": "\"5b7f26681154f4c9bcf0e144014962e0\"", "size": 6795, "mimetype": "image/png", "cacheControl": "max-age=3600", "lastModified": "2024-05-15T14:34:19.205Z", "contentLength": 6795, "httpStatusCode": 200}', '7fcbf343-762c-4ee1-aa4c-a4988588e761', NULL),
	('b63af45e-eee6-413c-bf20-9a39a8d83151', 'main', 'taxi-pictures/taxi-6.png', NULL, '2024-05-15 14:34:19.244044+00', '2024-05-15 14:34:19.244044+00', '2024-05-15 14:34:19.244044+00', '{"eTag": "\"afd4d17fb463172fbdee2bf140b36acf\"", "size": 6883, "mimetype": "image/png", "cacheControl": "max-age=3600", "lastModified": "2024-05-15T14:34:19.235Z", "contentLength": 6883, "httpStatusCode": 200}', 'fa65cfd6-060a-4831-a4cd-e09fd8aaa33c', NULL);


--
-- Data for Name: s3_multipart_uploads; Type: TABLE DATA; Schema: storage; Owner: supabase_storage_admin
--



--
-- Data for Name: s3_multipart_uploads_parts; Type: TABLE DATA; Schema: storage; Owner: supabase_storage_admin
--



--
-- Data for Name: hooks; Type: TABLE DATA; Schema: supabase_functions; Owner: supabase_functions_admin
--



--
-- Data for Name: secrets; Type: TABLE DATA; Schema: vault; Owner: supabase_admin
--



--
-- Name: refresh_tokens_id_seq; Type: SEQUENCE SET; Schema: auth; Owner: supabase_auth_admin
--

SELECT pg_catalog.setval('"auth"."refresh_tokens_id_seq"', 1, false);


--
-- Name: key_key_id_seq; Type: SEQUENCE SET; Schema: pgsodium; Owner: supabase_admin
--

SELECT pg_catalog.setval('"pgsodium"."key_key_id_seq"', 1, false);


--
-- Name: company_id_seq; Type: SEQUENCE SET; Schema: public; Owner: postgres
--

SELECT pg_catalog.setval('"public"."company_id_seq"', 3, true);


--
-- Name: council_application_id_seq; Type: SEQUENCE SET; Schema: public; Owner: postgres
--

SELECT pg_catalog.setval('"public"."council_application_id_seq"', 11, true);


--
-- Name: council_application_receipt_id_seq; Type: SEQUENCE SET; Schema: public; Owner: postgres
--

SELECT pg_catalog.setval('"public"."council_application_receipt_id_seq"', 11, true);


--
-- Name: driver_id_seq; Type: SEQUENCE SET; Schema: public; Owner: postgres
--

SELECT pg_catalog.setval('"public"."driver_id_seq"', 7, true);


--
-- Name: drivers_licence_id_seq; Type: SEQUENCE SET; Schema: public; Owner: postgres
--

SELECT pg_catalog.setval('"public"."drivers_licence_id_seq"', 12, true);


--
-- Name: drivers_taxi_badge_id_seq; Type: SEQUENCE SET; Schema: public; Owner: postgres
--

SELECT pg_catalog.setval('"public"."drivers_taxi_badge_id_seq"', 10, true);


--
-- Name: employee_id_seq; Type: SEQUENCE SET; Schema: public; Owner: postgres
--

SELECT pg_catalog.setval('"public"."employee_id_seq"', 4, true);


--
-- Name: hire_agreement_id_seq; Type: SEQUENCE SET; Schema: public; Owner: postgres
--

SELECT pg_catalog.setval('"public"."hire_agreement_id_seq"', 7, true);


--
-- Name: insurance_id_seq; Type: SEQUENCE SET; Schema: public; Owner: postgres
--

SELECT pg_catalog.setval('"public"."insurance_id_seq"', 8, true);


--
-- Name: picture_id_seq; Type: SEQUENCE SET; Schema: public; Owner: postgres
--

SELECT pg_catalog.setval('"public"."picture_id_seq"', 5, true);


--
-- Name: rent_id_seq; Type: SEQUENCE SET; Schema: public; Owner: postgres
--

SELECT pg_catalog.setval('"public"."rent_id_seq"', 9, true);


--
-- Name: taxi_id_seq; Type: SEQUENCE SET; Schema: public; Owner: postgres
--

SELECT pg_catalog.setval('"public"."taxi_id_seq"', 7, true);


--
-- Name: taxi_licence_id_seq; Type: SEQUENCE SET; Schema: public; Owner: postgres
--

SELECT pg_catalog.setval('"public"."taxi_licence_id_seq"', 9, true);


--
-- Name: vehicle_id_seq; Type: SEQUENCE SET; Schema: public; Owner: postgres
--

SELECT pg_catalog.setval('"public"."vehicle_id_seq"', 1, true);


--
-- Name: hooks_id_seq; Type: SEQUENCE SET; Schema: supabase_functions; Owner: supabase_functions_admin
--

SELECT pg_catalog.setval('"supabase_functions"."hooks_id_seq"', 1, false);


--
-- PostgreSQL database dump complete
--

RESET ALL;
